filename,species,directory,method,dino_n_boxes,sam_mask_area,image_width,image_height,mask_fraction,segmented_path,status
Forcipiger_wanai_FishBase_Fowan_u0.jpg,Forcipiger wanai,images,hybrid_apple_dinosam,1,26187,640,435,0.0941,analysis/approach_1_gmm/segmented_dinosam/Forcipiger_wanai/Forcipiger_wanai_FishBase_Fowan_u0.png,success
Heniochus_acuminatus_FishPix_54009AF.jpg,Heniochus acuminatus,images,hybrid_apple_dinosam,1,0,640,640,0.0,analysis/approach_1_gmm/segmented_dinosam/Heniochus_acuminatus/Heniochus_acuminatus_FishPix_54009AF.png,success
Heniochus_diphreutes_FishPix_21252AF.jpg,Heniochus diphreutes,images,hybrid_apple_dinosam,1,17204,640,640,0.042,analysis/approach_1_gmm/segmented_dinosam/Heniochus_diphreutes/Heniochus_diphreutes_FishPix_21252AF.png,success
Prognathodes_falcifer_FishBase_Chfal_u2.jpg,Prognathodes falcifer,images,hybrid_apple_dinosam,1,32603,640,421,0.121,analysis/approach_1_gmm/segmented_dinosam/Prognathodes_falcifer/Prognathodes_falcifer_FishBase_Chfal_u2.png,success
Prognathodes_marcellae_FishBase_Prmar_u0.jpg,Prognathodes marcellae,images,hybrid_apple_dinosam,2,17357,640,456,0.0595,analysis/approach_1_gmm/segmented_dinosam/Prognathodes_marcellae/Prognathodes_marcellae_FishBase_Prmar_u0.png,success
Forcipiger_flavissimus_Bishop_-1224605166.jpg,Forcipiger flavissimus,images_bishop,hybrid_apple_dinosam,1,179250,799,600,0.3739,analysis/approach_1_gmm/segmented_dinosam/Forcipiger_flavissimus/Forcipiger_flavissimus_Bishop_-1224605166.png,success
Forcipiger_flavissimus_Bishop_-1548318421.jpg,Forcipiger flavissimus,images_bishop,hybrid_apple_dinosam,1,173485,771,600,0.375,analysis/approach_1_gmm/segmented_dinosam/Forcipiger_flavissimus/Forcipiger_flavissimus_Bishop_-1548318421.png,success
Heniochus_acuminatus_Bishop_1965411939.jpg,Heniochus acuminatus,images_bishop,hybrid_apple_dinosam,1,173753,800,588,0.3694,analysis/approach_1_gmm/segmented_dinosam/Heniochus_acuminatus/Heniochus_acuminatus_Bishop_1965411939.png,success
Heniochus_acuminatus_Bishop_2027043176.jpg,Heniochus acuminatus,images_bishop,hybrid_apple_dinosam,1,103703,518,600,0.3337,analysis/approach_1_gmm/segmented_dinosam/Heniochus_acuminatus/Heniochus_acuminatus_Bishop_2027043176.png,success
Heniochus_diphreutes_Bishop_1453219286.jpg,Heniochus diphreutes,images_bishop,hybrid_apple_dinosam,1,133239,583,600,0.3809,analysis/approach_1_gmm/segmented_dinosam/Heniochus_diphreutes/Heniochus_diphreutes_Bishop_1453219286.png,success
Amphichaetodon_howensis_FishBase_Amhow_u0.jpg,Amphichaetodon howensis,images_fishbase_extra,hybrid_apple_dinosam,4,53580,640,486,0.1723,analysis/approach_1_gmm/segmented_dinosam/Amphichaetodon_howensis/Amphichaetodon_howensis_FishBase_Amhow_u0.png,success
Chaetodon_adiergastos_FishBase_Chadi_u0.jpg,Chaetodon adiergastos,images_fishbase_extra,hybrid_apple_dinosam,7,17552,640,486,0.0564,analysis/approach_1_gmm/segmented_dinosam/Chaetodon_adiergastos/Chaetodon_adiergastos_FishBase_Chadi_u0.png,success
Chaetodon_andamanensis_FishBase_Chand_j0.jpg,Chaetodon andamanensis,images_fishbase_extra,hybrid_apple_dinosam,2,141873,640,427,0.5191,analysis/approach_1_gmm/segmented_dinosam/Chaetodon_andamanensis/Chaetodon_andamanensis_FishBase_Chand_j0.png,success
Chaetodon_auriga_FishBase_Chaur_ue.jpg,Chaetodon auriga,images_fishbase_extra,hybrid_apple_dinosam,1,8176,640,442,0.0289,analysis/approach_1_gmm/segmented_dinosam/Chaetodon_auriga/Chaetodon_auriga_FishBase_Chaur_ue.png,success
Chaetodon_guentheri_FishBase_Chgue_u2.jpg,Chaetodon guentheri,images_fishbase_extra,hybrid_apple_dinosam,7,23434,640,468,0.0782,analysis/approach_1_gmm/segmented_dinosam/Chaetodon_guentheri/Chaetodon_guentheri_FishBase_Chgue_u2.png,success
Chaetodon_lunulatus_FishBase_Chlun_uj.jpg,Chaetodon lunulatus,images_fishbase_extra,hybrid_apple_dinosam,1,18298,640,480,0.0596,analysis/approach_1_gmm/segmented_dinosam/Chaetodon_lunulatus/Chaetodon_lunulatus_FishBase_Chlun_uj.png,success
Chaetodon_miliaris_FishBase_Chmil_u3.jpg,Chaetodon miliaris,images_fishbase_extra,hybrid_apple_dinosam,2,22768,640,418,0.0851,analysis/approach_1_gmm/segmented_dinosam/Chaetodon_miliaris/Chaetodon_miliaris_FishBase_Chmil_u3.png,success
Chaetodon_ornatissimus_FishBase_Chorn_uf.jpg,Chaetodon ornatissimus,images_fishbase_extra,hybrid_apple_dinosam,2,19095,640,426,0.07,analysis/approach_1_gmm/segmented_dinosam/Chaetodon_ornatissimus/Chaetodon_ornatissimus_FishBase_Chorn_uf.png,success
Chaetodon_quadrimaculatus_FishBase_Chqua_u6.jpg,Chaetodon quadrimaculatus,images_fishbase_extra,hybrid_apple_dinosam,1,0,640,420,0.0,analysis/approach_1_gmm/segmented_dinosam/Chaetodon_quadrimaculatus/Chaetodon_quadrimaculatus_FishBase_Chqua_u6.png,success
Chaetodon_sanctaehelenae_FishBase_Chsan_u6.jpg,Chaetodon sanctaehelenae,images_fishbase_extra,hybrid_apple_dinosam,4,13111,640,367,0.0558,analysis/approach_1_gmm/segmented_dinosam/Chaetodon_sanctaehelenae/Chaetodon_sanctaehelenae_FishBase_Chsan_u6.png,success
Chaetodon_smithi_FishBase_Chsmi_u2.jpg,Chaetodon smithi,images_fishbase_extra,hybrid_apple_dinosam,3,18803,640,448,0.0656,analysis/approach_1_gmm/segmented_dinosam/Chaetodon_smithi/Chaetodon_smithi_FishBase_Chsmi_u2.png,success
Chaetodon_speculum_FishBase_Chspe_j0.jpg,Chaetodon speculum,images_fishbase_extra,hybrid_apple_dinosam,1,14522,630,480,0.048,analysis/approach_1_gmm/segmented_dinosam/Chaetodon_speculum/Chaetodon_speculum_FishBase_Chspe_j0.png,success
Chaetodon_ulietensis_FishBase_Chuli_u3.jpg,Chaetodon ulietensis,images_fishbase_extra,hybrid_apple_dinosam,1,8917,640,426,0.0327,analysis/approach_1_gmm/segmented_dinosam/Chaetodon_ulietensis/Chaetodon_ulietensis_FishBase_Chuli_u3.png,success
Chaetodon_ulietensis_FishBase_Chuli_u6.jpg,Chaetodon ulietensis,images_fishbase_extra,hybrid_apple_dinosam,4,15739,640,427,0.0576,analysis/approach_1_gmm/segmented_dinosam/Chaetodon_ulietensis/Chaetodon_ulietensis_FishBase_Chuli_u6.png,success
Chaetodon_unimaculatus_FishBase_Chuni_ul.jpg,Chaetodon unimaculatus,images_fishbase_extra,hybrid_apple_dinosam,2,9,640,426,0.0,analysis/approach_1_gmm/segmented_dinosam/Chaetodon_unimaculatus/Chaetodon_unimaculatus_FishBase_Chuni_ul.png,success
Chaetodon_xanthurus_FishBase_Chxan_uk.jpg,Chaetodon xanthurus,images_fishbase_extra,hybrid_apple_dinosam,2,5964,640,480,0.0194,analysis/approach_1_gmm/segmented_dinosam/Chaetodon_xanthurus/Chaetodon_xanthurus_FishBase_Chxan_uk.png,success
Forcipiger_flavissimus_FishBase_Fofla_u3.jpg,Forcipiger flavissimus,images_fishbase_extra,hybrid_apple_dinosam,1,113927,639,480,0.3714,analysis/approach_1_gmm/segmented_dinosam/Forcipiger_flavissimus/Forcipiger_flavissimus_FishBase_Fofla_u3.png,success
Forcipiger_flavissimus_FishBase_Fofla_u4.jpg,Forcipiger flavissimus,images_fishbase_extra,hybrid_apple_dinosam,1,102301,591,460,0.3763,analysis/approach_1_gmm/segmented_dinosam/Forcipiger_flavissimus/Forcipiger_flavissimus_FishBase_Fofla_u4.png,success
Forcipiger_longirostris_FishBase_Folon_u6.jpg,Forcipiger longirostris,images_fishbase_extra,hybrid_apple_dinosam,1,45567,640,404,0.1762,analysis/approach_1_gmm/segmented_dinosam/Forcipiger_longirostris/Forcipiger_longirostris_FishBase_Folon_u6.png,success
Hemitaurichthys_polylepis_FishBase_Hepol_u7.jpg,Hemitaurichthys polylepis,images_fishbase_extra,hybrid_apple_dinosam,2,12159,640,444,0.0428,analysis/approach_1_gmm/segmented_dinosam/Hemitaurichthys_polylepis/Hemitaurichthys_polylepis_FishBase_Hepol_u7.png,success
Heniochus_acuminatus_FishBase_Heacu_j0.jpg,Heniochus acuminatus,images_fishbase_extra,hybrid_apple_dinosam,1,20220,640,430,0.0735,analysis/approach_1_gmm/segmented_dinosam/Heniochus_acuminatus/Heniochus_acuminatus_FishBase_Heacu_j0.png,success
Heniochus_acuminatus_FishBase_Heacu_u1.jpg,Heniochus acuminatus,images_fishbase_extra,hybrid_apple_dinosam,1,101876,612,450,0.3699,analysis/approach_1_gmm/segmented_dinosam/Heniochus_acuminatus/Heniochus_acuminatus_FishBase_Heacu_u1.png,success
Heniochus_acuminatus_FishBase_Heacu_u2.jpg,Heniochus acuminatus,images_fishbase_extra,hybrid_apple_dinosam,1,59033,388,450,0.3381,analysis/approach_1_gmm/segmented_dinosam/Heniochus_acuminatus/Heniochus_acuminatus_FishBase_Heacu_u2.png,success
Heniochus_acuminatus_FishBase_Heacu_u3.jpg,Heniochus acuminatus,images_fishbase_extra,hybrid_apple_dinosam,3,76640,640,377,0.3176,analysis/approach_1_gmm/segmented_dinosam/Heniochus_acuminatus/Heniochus_acuminatus_FishBase_Heacu_u3.png,success
Heniochus_acuminatus_FishBase_Heacu_u6.jpg,Heniochus acuminatus,images_fishbase_extra,hybrid_apple_dinosam,2,7546,637,464,0.0255,analysis/approach_1_gmm/segmented_dinosam/Heniochus_acuminatus/Heniochus_acuminatus_FishBase_Heacu_u6.png,success
Heniochus_acuminatus_FishBase_Heacu_ug.jpg,Heniochus acuminatus,images_fishbase_extra,hybrid_apple_dinosam,1,87066,480,512,0.3543,analysis/approach_1_gmm/segmented_dinosam/Heniochus_acuminatus/Heniochus_acuminatus_FishBase_Heacu_ug.png,success
Heniochus_acuminatus_FishBase_Heacu_uj.jpg,Heniochus acuminatus,images_fishbase_extra,hybrid_apple_dinosam,1,85962,543,480,0.3298,analysis/approach_1_gmm/segmented_dinosam/Heniochus_acuminatus/Heniochus_acuminatus_FishBase_Heacu_uj.png,success
Heniochus_chrysostomus_FishBase_Hechr_j0.jpg,Heniochus chrysostomus,images_fishbase_extra,hybrid_apple_dinosam,1,47682,384,480,0.2587,analysis/approach_1_gmm/segmented_dinosam/Heniochus_chrysostomus/Heniochus_chrysostomus_FishBase_Hechr_j0.png,success
Heniochus_chrysostomus_FishBase_Hechr_u1.jpg,Heniochus chrysostomus,images_fishbase_extra,hybrid_apple_dinosam,1,79892,640,423,0.2951,analysis/approach_1_gmm/segmented_dinosam/Heniochus_chrysostomus/Heniochus_chrysostomus_FishBase_Hechr_u1.png,success
Heniochus_chrysostomus_FishBase_Hechr_u7.jpg,Heniochus chrysostomus,images_fishbase_extra,hybrid_apple_dinosam,1,26170,541,480,0.1008,analysis/approach_1_gmm/segmented_dinosam/Heniochus_chrysostomus/Heniochus_chrysostomus_FishBase_Hechr_u7.png,success
Heniochus_diphreutes_FishBase_Hedip_u1.jpg,Heniochus diphreutes,images_fishbase_extra,hybrid_apple_dinosam,1,5405,640,409,0.0206,analysis/approach_1_gmm/segmented_dinosam/Heniochus_diphreutes/Heniochus_diphreutes_FishBase_Hedip_u1.png,success
Heniochus_diphreutes_FishBase_Hedip_u2.jpg,Heniochus diphreutes,images_fishbase_extra,hybrid_apple_dinosam,1,75303,438,450,0.3821,analysis/approach_1_gmm/segmented_dinosam/Heniochus_diphreutes/Heniochus_diphreutes_FishBase_Hedip_u2.png,success
Heniochus_diphreutes_FishBase_Hedip_u4.jpg,Heniochus diphreutes,images_fishbase_extra,hybrid_apple_dinosam,1,86424,565,480,0.3187,analysis/approach_1_gmm/segmented_dinosam/Heniochus_diphreutes/Heniochus_diphreutes_FishBase_Hedip_u4.png,success
Heniochus_monoceros_FishBase_Hemon_u5.jpg,Heniochus monoceros,images_fishbase_extra,hybrid_apple_dinosam,2,22395,640,444,0.0788,analysis/approach_1_gmm/segmented_dinosam/Heniochus_monoceros/Heniochus_monoceros_FishBase_Hemon_u5.png,success
Johnrandallia_nigrirostris_FishBase_Jonig_u3.jpg,Johnrandallia nigrirostris,images_fishbase_extra,hybrid_apple_dinosam,3,149,350,480,0.0009,analysis/approach_1_gmm/segmented_dinosam/Johnrandallia_nigrirostris/Johnrandallia_nigrirostris_FishBase_Jonig_u3.png,success
Amphichaetodon_howensis_iNaturalist_267486174.jpg,Amphichaetodon howensis,images_inaturalist,dinosam,3,245370,1024,768,0.312,analysis/approach_1_gmm/segmented_dinosam/Amphichaetodon_howensis/Amphichaetodon_howensis_iNaturalist_267486174.png,success
Amphichaetodon_howensis_iNaturalist_33167253.jpg,Amphichaetodon howensis,images_inaturalist,hybrid_apple_dinosam,4,35967,1024,768,0.0457,analysis/approach_1_gmm/segmented_dinosam/Amphichaetodon_howensis/Amphichaetodon_howensis_iNaturalist_33167253.png,success
Amphichaetodon_howensis_iNaturalist_33719286.jpg,Amphichaetodon howensis,images_inaturalist,hybrid_apple_dinosam,1,27844,1024,895,0.0304,analysis/approach_1_gmm/segmented_dinosam/Amphichaetodon_howensis/Amphichaetodon_howensis_iNaturalist_33719286.png,success
Amphichaetodon_howensis_iNaturalist_33719401.jpg,Amphichaetodon howensis,images_inaturalist,hybrid_apple_dinosam,2,14250,1024,768,0.0181,analysis/approach_1_gmm/segmented_dinosam/Amphichaetodon_howensis/Amphichaetodon_howensis_iNaturalist_33719401.png,success
Amphichaetodon_howensis_iNaturalist_33719403.jpg,Amphichaetodon howensis,images_inaturalist,hybrid_apple_dinosam,1,25041,1024,768,0.0318,analysis/approach_1_gmm/segmented_dinosam/Amphichaetodon_howensis/Amphichaetodon_howensis_iNaturalist_33719403.png,success
Amphichaetodon_howensis_iNaturalist_392179799.jpg,Amphichaetodon howensis,images_inaturalist,hybrid_apple_dinosam,2,0,1024,680,0.0,analysis/approach_1_gmm/segmented_dinosam/Amphichaetodon_howensis/Amphichaetodon_howensis_iNaturalist_392179799.png,success
Amphichaetodon_melbae_iNaturalist_462963831.jpg,Amphichaetodon melbae,images_inaturalist,hybrid_apple_dinosam,1,31526,1024,1012,0.0304,analysis/approach_1_gmm/segmented_dinosam/Amphichaetodon_melbae/Amphichaetodon_melbae_iNaturalist_462963831.png,success
Amphichaetodon_melbae_iNaturalist_577502906.jpg,Amphichaetodon melbae,images_inaturalist,hybrid_apple_dinosam,2,386612,1024,768,0.4916,analysis/approach_1_gmm/segmented_dinosam/Amphichaetodon_melbae/Amphichaetodon_melbae_iNaturalist_577502906.png,success
Chaetodon_adiergastos_iNaturalist_294596355.jpg,Chaetodon adiergastos,images_inaturalist,dinosam,8,110425,375,562,0.524,analysis/approach_1_gmm/segmented_dinosam/Chaetodon_adiergastos/Chaetodon_adiergastos_iNaturalist_294596355.png,success
Chaetodon_andamanensis_iNaturalist_153255532.jpg,Chaetodon andamanensis,images_inaturalist,dinosam,12,272108,1024,768,0.346,analysis/approach_1_gmm/segmented_dinosam/Chaetodon_andamanensis/Chaetodon_andamanensis_iNaturalist_153255532.png,success
Chaetodon_andamanensis_iNaturalist_177672904.jpg,Chaetodon andamanensis,images_inaturalist,hybrid_apple_dinosam,1,16263,1004,753,0.0215,analysis/approach_1_gmm/segmented_dinosam/Chaetodon_andamanensis/Chaetodon_andamanensis_iNaturalist_177672904.png,success
Chaetodon_andamanensis_iNaturalist_205344829.jpg,Chaetodon andamanensis,images_inaturalist,dinosam,10,363969,1024,682,0.5212,analysis/approach_1_gmm/segmented_dinosam/Chaetodon_andamanensis/Chaetodon_andamanensis_iNaturalist_205344829.png,success
Chaetodon_andamanensis_iNaturalist_486380130.jpg,Chaetodon andamanensis,images_inaturalist,dinosam,4,686412,1024,687,0.9757,analysis/approach_1_gmm/segmented_dinosam/Chaetodon_andamanensis/Chaetodon_andamanensis_iNaturalist_486380130.png,success
Chaetodon_argentatus_iNaturalist_263052559.jpg,Chaetodon argentatus,images_inaturalist,hybrid_apple_dinosam,2,116739,1024,577,0.1976,analysis/approach_1_gmm/segmented_dinosam/Chaetodon_argentatus/Chaetodon_argentatus_iNaturalist_263052559.png,success
Chaetodon_argentatus_iNaturalist_263052573.jpg,Chaetodon argentatus,images_inaturalist,hybrid_apple_dinosam,2,21084,1024,577,0.0357,analysis/approach_1_gmm/segmented_dinosam/Chaetodon_argentatus/Chaetodon_argentatus_iNaturalist_263052573.png,success
Chaetodon_argentatus_iNaturalist_302749246.jpg,Chaetodon argentatus,images_inaturalist,hybrid_apple_dinosam,1,0,1024,768,0.0,analysis/approach_1_gmm/segmented_dinosam/Chaetodon_argentatus/Chaetodon_argentatus_iNaturalist_302749246.png,success
Chaetodon_argentatus_iNaturalist_304051728.jpg,Chaetodon argentatus,images_inaturalist,hybrid_apple_dinosam,1,12041,1024,768,0.0153,analysis/approach_1_gmm/segmented_dinosam/Chaetodon_argentatus/Chaetodon_argentatus_iNaturalist_304051728.png,success
Chaetodon_assarius_iNaturalist_299428954.jpg,Chaetodon assarius,images_inaturalist,hybrid_apple_dinosam,1,9214,1024,874,0.0103,analysis/approach_1_gmm/segmented_dinosam/Chaetodon_assarius/Chaetodon_assarius_iNaturalist_299428954.png,success
Chaetodon_assarius_iNaturalist_310339741.jpg,Chaetodon assarius,images_inaturalist,hybrid_apple_dinosam,2,10302,1024,768,0.0131,analysis/approach_1_gmm/segmented_dinosam/Chaetodon_assarius/Chaetodon_assarius_iNaturalist_310339741.png,success
Chaetodon_assarius_iNaturalist_599485831.jpg,Chaetodon assarius,images_inaturalist,hybrid_apple_dinosam,2,62172,1024,768,0.0791,analysis/approach_1_gmm/segmented_dinosam/Chaetodon_assarius/Chaetodon_assarius_iNaturalist_599485831.png,success
Chaetodon_aureofasciatus_iNaturalist_204606708.jpg,Chaetodon aureofasciatus,images_inaturalist,hybrid_apple_dinosam,1,32072,1024,768,0.0408,analysis/approach_1_gmm/segmented_dinosam/Chaetodon_aureofasciatus/Chaetodon_aureofasciatus_iNaturalist_204606708.png,success
Chaetodon_aureofasciatus_iNaturalist_481634544.jpg,Chaetodon aureofasciatus,images_inaturalist,hybrid_apple_dinosam,1,9338,1024,768,0.0119,analysis/approach_1_gmm/segmented_dinosam/Chaetodon_aureofasciatus/Chaetodon_aureofasciatus_iNaturalist_481634544.png,success
Chaetodon_aureofasciatus_iNaturalist_592190693.jpg,Chaetodon aureofasciatus,images_inaturalist,hybrid_apple_dinosam,1,0,1024,899,0.0,analysis/approach_1_gmm/segmented_dinosam/Chaetodon_aureofasciatus/Chaetodon_aureofasciatus_iNaturalist_592190693.png,success
Chaetodon_aureofasciatus_iNaturalist_598689315.jpg,Chaetodon aureofasciatus,images_inaturalist,hybrid_apple_dinosam,1,33652,1024,683,0.0481,analysis/approach_1_gmm/segmented_dinosam/Chaetodon_aureofasciatus/Chaetodon_aureofasciatus_iNaturalist_598689315.png,success
Chaetodon_auriga_iNaturalist_15056180.jpg,Chaetodon auriga,images_inaturalist,hybrid_apple_dinosam,1,0,1024,615,0.0,analysis/approach_1_gmm/segmented_dinosam/Chaetodon_auriga/Chaetodon_auriga_iNaturalist_15056180.png,success
Chaetodon_auriga_iNaturalist_15056242.jpg,Chaetodon auriga,images_inaturalist,hybrid_apple_dinosam,1,0,1024,614,0.0,analysis/approach_1_gmm/segmented_dinosam/Chaetodon_auriga/Chaetodon_auriga_iNaturalist_15056242.png,success
Chaetodon_auriga_iNaturalist_15056243.jpg,Chaetodon auriga,images_inaturalist,hybrid_apple_dinosam,1,0,1024,614,0.0,analysis/approach_1_gmm/segmented_dinosam/Chaetodon_auriga/Chaetodon_auriga_iNaturalist_15056243.png,success
Chaetodon_auriga_iNaturalist_220938852.jpg,Chaetodon auriga,images_inaturalist,hybrid_apple_dinosam,1,42687,1024,735,0.0567,analysis/approach_1_gmm/segmented_dinosam/Chaetodon_auriga/Chaetodon_auriga_iNaturalist_220938852.png,success
Chaetodon_auriga_iNaturalist_317521711.jpg,Chaetodon auriga,images_inaturalist,hybrid_apple_dinosam,2,73767,1024,768,0.0938,analysis/approach_1_gmm/segmented_dinosam/Chaetodon_auriga/Chaetodon_auriga_iNaturalist_317521711.png,success
Chaetodon_auriga_iNaturalist_559191666.jpg,Chaetodon auriga,images_inaturalist,hybrid_apple_dinosam,1,17461,1024,768,0.0222,analysis/approach_1_gmm/segmented_dinosam/Chaetodon_auriga/Chaetodon_auriga_iNaturalist_559191666.png,success
Chaetodon_auriga_iNaturalist_69919845.jpg,Chaetodon auriga,images_inaturalist,hybrid_apple_dinosam,1,0,1024,683,0.0,analysis/approach_1_gmm/segmented_dinosam/Chaetodon_auriga/Chaetodon_auriga_iNaturalist_69919845.png,success
Chaetodon_auripes_iNaturalist_300367621.jpg,Chaetodon auripes,images_inaturalist,dinosam,4,223134,1024,576,0.3783,analysis/approach_1_gmm/segmented_dinosam/Chaetodon_auripes/Chaetodon_auripes_iNaturalist_300367621.png,success
Chaetodon_auripes_iNaturalist_398828755.jpg,Chaetodon auripes,images_inaturalist,hybrid_apple_dinosam,7,4580,1024,576,0.0078,analysis/approach_1_gmm/segmented_dinosam/Chaetodon_auripes/Chaetodon_auripes_iNaturalist_398828755.png,success
Chaetodon_auripes_iNaturalist_473893703.jpg,Chaetodon auripes,images_inaturalist,hybrid_apple_dinosam,1,38005,1024,768,0.0483,analysis/approach_1_gmm/segmented_dinosam/Chaetodon_auripes/Chaetodon_auripes_iNaturalist_473893703.png,success
Chaetodon_auripes_iNaturalist_474933774.jpg,Chaetodon auripes,images_inaturalist,hybrid_apple_dinosam,1,48276,1024,768,0.0614,analysis/approach_1_gmm/segmented_dinosam/Chaetodon_auripes/Chaetodon_auripes_iNaturalist_474933774.png,success
Chaetodon_auripes_iNaturalist_576758934.jpg,Chaetodon auripes,images_inaturalist,hybrid_apple_dinosam,4,72134,1024,768,0.0917,analysis/approach_1_gmm/segmented_dinosam/Chaetodon_auripes/Chaetodon_auripes_iNaturalist_576758934.png,success
Chaetodon_auripes_iNaturalist_63544462.jpg,Chaetodon auripes,images_inaturalist,dinosam,15,320061,1024,768,0.407,analysis/approach_1_gmm/segmented_dinosam/Chaetodon_auripes/Chaetodon_auripes_iNaturalist_63544462.png,success
Chaetodon_austriacus_iNaturalist_102813626.jpg,Chaetodon austriacus,images_inaturalist,hybrid_apple_dinosam,2,9330,952,755,0.013,analysis/approach_1_gmm/segmented_dinosam/Chaetodon_austriacus/Chaetodon_austriacus_iNaturalist_102813626.png,success
Chaetodon_austriacus_iNaturalist_2282538.jpg,Chaetodon austriacus,images_inaturalist,hybrid_apple_dinosam,2,7335,307,512,0.0467,analysis/approach_1_gmm/segmented_dinosam/Chaetodon_austriacus/Chaetodon_austriacus_iNaturalist_2282538.png,success
Chaetodon_austriacus_iNaturalist_3125075.jpg,Chaetodon austriacus,images_inaturalist,hybrid_apple_dinosam,4,26833,1024,768,0.0341,analysis/approach_1_gmm/segmented_dinosam/Chaetodon_austriacus/Chaetodon_austriacus_iNaturalist_3125075.png,success
Chaetodon_austriacus_iNaturalist_450186908.jpg,Chaetodon austriacus,images_inaturalist,hybrid_apple_dinosam,1,0,1024,547,0.0,analysis/approach_1_gmm/segmented_dinosam/Chaetodon_austriacus/Chaetodon_austriacus_iNaturalist_450186908.png,success
Chaetodon_baronessa_iNaturalist_390635292.jpg,Chaetodon baronessa,images_inaturalist,dinosam,4,386176,1024,768,0.491,analysis/approach_1_gmm/segmented_dinosam/Chaetodon_baronessa/Chaetodon_baronessa_iNaturalist_390635292.png,success
Chaetodon_baronessa_iNaturalist_390635338.jpg,Chaetodon baronessa,images_inaturalist,dinosam,4,355932,1024,768,0.4526,analysis/approach_1_gmm/segmented_dinosam/Chaetodon_baronessa/Chaetodon_baronessa_iNaturalist_390635338.png,success
Chaetodon_baronessa_iNaturalist_409577421.jpg,Chaetodon baronessa,images_inaturalist,hybrid_apple_dinosam,1,30835,884,663,0.0526,analysis/approach_1_gmm/segmented_dinosam/Chaetodon_baronessa/Chaetodon_baronessa_iNaturalist_409577421.png,success
Chaetodon_bennetti_iNaturalist_214592077.jpg,Chaetodon bennetti,images_inaturalist,hybrid_apple_dinosam,1,35215,1024,576,0.0597,analysis/approach_1_gmm/segmented_dinosam/Chaetodon_bennetti/Chaetodon_bennetti_iNaturalist_214592077.png,success
Chaetodon_bennetti_iNaturalist_476708566.jpg,Chaetodon bennetti,images_inaturalist,hybrid_apple_dinosam,1,37224,1024,768,0.0473,analysis/approach_1_gmm/segmented_dinosam/Chaetodon_bennetti/Chaetodon_bennetti_iNaturalist_476708566.png,success
Chaetodon_bennetti_iNaturalist_476710068.jpg,Chaetodon bennetti,images_inaturalist,hybrid_apple_dinosam,1,40536,1024,768,0.0515,analysis/approach_1_gmm/segmented_dinosam/Chaetodon_bennetti/Chaetodon_bennetti_iNaturalist_476710068.png,success
Chaetodon_bennetti_iNaturalist_604198648.jpg,Chaetodon bennetti,images_inaturalist,hybrid_apple_dinosam,1,0,1024,683,0.0,analysis/approach_1_gmm/segmented_dinosam/Chaetodon_bennetti/Chaetodon_bennetti_iNaturalist_604198648.png,success
Chaetodon_bennetti_iNaturalist_607317919.jpg,Chaetodon bennetti,images_inaturalist,hybrid_apple_dinosam,1,23689,1024,768,0.0301,analysis/approach_1_gmm/segmented_dinosam/Chaetodon_bennetti/Chaetodon_bennetti_iNaturalist_607317919.png,success
Chaetodon_blackburnii_iNaturalist_15662749.jpg,Chaetodon blackburnii,images_inaturalist,hybrid_apple_dinosam,4,30143,1024,651,0.0452,analysis/approach_1_gmm/segmented_dinosam/Chaetodon_blackburnii/Chaetodon_blackburnii_iNaturalist_15662749.png,success
Chaetodon_blackburnii_iNaturalist_172869684.jpg,Chaetodon blackburnii,images_inaturalist,dinosam,5,538009,1024,738,0.7119,analysis/approach_1_gmm/segmented_dinosam/Chaetodon_blackburnii/Chaetodon_blackburnii_iNaturalist_172869684.png,success
Chaetodon_blackburnii_iNaturalist_247677288.jpg,Chaetodon blackburnii,images_inaturalist,hybrid_apple_dinosam,2,7065,1024,683,0.0101,analysis/approach_1_gmm/segmented_dinosam/Chaetodon_blackburnii/Chaetodon_blackburnii_iNaturalist_247677288.png,success
Chaetodon_blackburnii_iNaturalist_8799394.jpg,Chaetodon blackburnii,images_inaturalist,hybrid_apple_dinosam,1,26450,1024,768,0.0336,analysis/approach_1_gmm/segmented_dinosam/Chaetodon_blackburnii/Chaetodon_blackburnii_iNaturalist_8799394.png,success
Chaetodon_burgessi_iNaturalist_59037796.jpg,Chaetodon burgessi,images_inaturalist,hybrid_apple_dinosam,1,5,1024,676,0.0,analysis/approach_1_gmm/segmented_dinosam/Chaetodon_burgessi/Chaetodon_burgessi_iNaturalist_59037796.png,success
Chaetodon_burgessi_iNaturalist_9454337.jpg,Chaetodon burgessi,images_inaturalist,hybrid_apple_dinosam,1,0,1024,768,0.0,analysis/approach_1_gmm/segmented_dinosam/Chaetodon_burgessi/Chaetodon_burgessi_iNaturalist_9454337.png,success
Chaetodon_capistratus_iNaturalist_308518622.jpg,Chaetodon capistratus,images_inaturalist,hybrid_apple_dinosam,1,11687,768,1024,0.0149,analysis/approach_1_gmm/segmented_dinosam/Chaetodon_capistratus/Chaetodon_capistratus_iNaturalist_308518622.png,success
Chaetodon_capistratus_iNaturalist_411187850.jpg,Chaetodon capistratus,images_inaturalist,dinosam,1,479958,726,968,0.683,analysis/approach_1_gmm/segmented_dinosam/Chaetodon_capistratus/Chaetodon_capistratus_iNaturalist_411187850.png,success
Chaetodon_capistratus_iNaturalist_449536529.jpg,Chaetodon capistratus,images_inaturalist,hybrid_apple_dinosam,1,38922,1024,768,0.0495,analysis/approach_1_gmm/segmented_dinosam/Chaetodon_capistratus/Chaetodon_capistratus_iNaturalist_449536529.png,success
Chaetodon_capistratus_iNaturalist_449536831.jpg,Chaetodon capistratus,images_inaturalist,dinosam,3,521198,1024,768,0.6627,analysis/approach_1_gmm/segmented_dinosam/Chaetodon_capistratus/Chaetodon_capistratus_iNaturalist_449536831.png,success
Chaetodon_capistratus_iNaturalist_92683344.jpg,Chaetodon capistratus,images_inaturalist,hybrid_apple_dinosam,1,19625,1024,768,0.025,analysis/approach_1_gmm/segmented_dinosam/Chaetodon_capistratus/Chaetodon_capistratus_iNaturalist_92683344.png,success
Chaetodon_citrinellus_iNaturalist_237829084.jpg,Chaetodon citrinellus,images_inaturalist,hybrid_apple_dinosam,1,0,967,1024,0.0,analysis/approach_1_gmm/segmented_dinosam/Chaetodon_citrinellus/Chaetodon_citrinellus_iNaturalist_237829084.png,success
Chaetodon_citrinellus_iNaturalist_354753796.jpg,Chaetodon citrinellus,images_inaturalist,hybrid_apple_dinosam,1,21876,1024,768,0.0278,analysis/approach_1_gmm/segmented_dinosam/Chaetodon_citrinellus/Chaetodon_citrinellus_iNaturalist_354753796.png,success
Chaetodon_citrinellus_iNaturalist_354753799.jpg,Chaetodon citrinellus,images_inaturalist,hybrid_apple_dinosam,1,338,1024,768,0.0004,analysis/approach_1_gmm/segmented_dinosam/Chaetodon_citrinellus/Chaetodon_citrinellus_iNaturalist_354753799.png,success
Chaetodon_citrinellus_iNaturalist_585084786.jpg,Chaetodon citrinellus,images_inaturalist,hybrid_apple_dinosam,1,57840,945,709,0.0863,analysis/approach_1_gmm/segmented_dinosam/Chaetodon_citrinellus/Chaetodon_citrinellus_iNaturalist_585084786.png,success
Chaetodon_collare_iNaturalist_199056448.jpg,Chaetodon collare,images_inaturalist,hybrid_apple_dinosam,1,48137,1024,768,0.0612,analysis/approach_1_gmm/segmented_dinosam/Chaetodon_collare/Chaetodon_collare_iNaturalist_199056448.png,success
Chaetodon_collare_iNaturalist_249083568.jpg,Chaetodon collare,images_inaturalist,hybrid_apple_dinosam,4,41091,1024,768,0.0522,analysis/approach_1_gmm/segmented_dinosam/Chaetodon_collare/Chaetodon_collare_iNaturalist_249083568.png,success
Chaetodon_collare_iNaturalist_249083569.jpg,Chaetodon collare,images_inaturalist,hybrid_apple_dinosam,1,71559,1024,768,0.091,analysis/approach_1_gmm/segmented_dinosam/Chaetodon_collare/Chaetodon_collare_iNaturalist_249083569.png,success
Chaetodon_collare_iNaturalist_470988304.jpg,Chaetodon collare,images_inaturalist,hybrid_apple_dinosam,1,0,1024,683,0.0,analysis/approach_1_gmm/segmented_dinosam/Chaetodon_collare/Chaetodon_collare_iNaturalist_470988304.png,success
Chaetodon_collare_iNaturalist_482033388.jpg,Chaetodon collare,images_inaturalist,hybrid_apple_dinosam,2,38228,1024,768,0.0486,analysis/approach_1_gmm/segmented_dinosam/Chaetodon_collare/Chaetodon_collare_iNaturalist_482033388.png,success
Chaetodon_collare_iNaturalist_483798684.jpg,Chaetodon collare,images_inaturalist,hybrid_apple_dinosam,2,26689,1024,683,0.0382,analysis/approach_1_gmm/segmented_dinosam/Chaetodon_collare/Chaetodon_collare_iNaturalist_483798684.png,success
Chaetodon_collare_iNaturalist_603923252.jpg,Chaetodon collare,images_inaturalist,hybrid_apple_dinosam,2,512,1024,683,0.0007,analysis/approach_1_gmm/segmented_dinosam/Chaetodon_collare/Chaetodon_collare_iNaturalist_603923252.png,success
Chaetodon_daedalma_iNaturalist_560372799.jpg,Chaetodon daedalma,images_inaturalist,dinosam,6,717339,1024,768,0.9121,analysis/approach_1_gmm/segmented_dinosam/Chaetodon_daedalma/Chaetodon_daedalma_iNaturalist_560372799.png,success
Chaetodon_daedalma_iNaturalist_560373781.jpg,Chaetodon daedalma,images_inaturalist,hybrid_apple_dinosam,1,37666,1024,768,0.0479,analysis/approach_1_gmm/segmented_dinosam/Chaetodon_daedalma/Chaetodon_daedalma_iNaturalist_560373781.png,success
Chaetodon_decussatus_iNaturalist_366445056.jpg,Chaetodon decussatus,images_inaturalist,hybrid_apple_dinosam,21,24618,576,1024,0.0417,analysis/approach_1_gmm/segmented_dinosam/Chaetodon_decussatus/Chaetodon_decussatus_iNaturalist_366445056.png,success
Chaetodon_decussatus_iNaturalist_42777173.jpg,Chaetodon decussatus,images_inaturalist,hybrid_apple_dinosam,2,0,1024,768,0.0,analysis/approach_1_gmm/segmented_dinosam/Chaetodon_decussatus/Chaetodon_decussatus_iNaturalist_42777173.png,success
Chaetodon_decussatus_iNaturalist_447360473.jpg,Chaetodon decussatus,images_inaturalist,hybrid_apple_dinosam,1,21943,1024,578,0.0371,analysis/approach_1_gmm/segmented_dinosam/Chaetodon_decussatus/Chaetodon_decussatus_iNaturalist_447360473.png,success
Chaetodon_decussatus_iNaturalist_451789859.jpg,Chaetodon decussatus,images_inaturalist,hybrid_apple_dinosam,1,13512,1024,578,0.0228,analysis/approach_1_gmm/segmented_dinosam/Chaetodon_decussatus/Chaetodon_decussatus_iNaturalist_451789859.png,success
Chaetodon_decussatus_iNaturalist_567031020.jpg,Chaetodon decussatus,images_inaturalist,dinosam,3,320906,540,604,0.9839,analysis/approach_1_gmm/segmented_dinosam/Chaetodon_decussatus/Chaetodon_decussatus_iNaturalist_567031020.png,success
Chaetodon_dolosus_iNaturalist_15539185.jpg,Chaetodon dolosus,images_inaturalist,hybrid_apple_dinosam,1,8864,1024,768,0.0113,analysis/approach_1_gmm/segmented_dinosam/Chaetodon_dolosus/Chaetodon_dolosus_iNaturalist_15539185.png,success
Chaetodon_dolosus_iNaturalist_343070892.jpg,Chaetodon dolosus,images_inaturalist,dinosam,4,407590,768,1024,0.5183,analysis/approach_1_gmm/segmented_dinosam/Chaetodon_dolosus/Chaetodon_dolosus_iNaturalist_343070892.png,success
Chaetodon_dolosus_iNaturalist_343070907.jpg,Chaetodon dolosus,images_inaturalist,hybrid_apple_dinosam,2,13050,768,1024,0.0166,analysis/approach_1_gmm/segmented_dinosam/Chaetodon_dolosus/Chaetodon_dolosus_iNaturalist_343070907.png,success
Chaetodon_dolosus_iNaturalist_343070914.jpg,Chaetodon dolosus,images_inaturalist,hybrid_apple_dinosam,3,0,768,1024,0.0,analysis/approach_1_gmm/segmented_dinosam/Chaetodon_dolosus/Chaetodon_dolosus_iNaturalist_343070914.png,success
Chaetodon_ephippium_iNaturalist_243890974.jpg,Chaetodon ephippium,images_inaturalist,dinosam,12,427856,1000,750,0.5705,analysis/approach_1_gmm/segmented_dinosam/Chaetodon_ephippium/Chaetodon_ephippium_iNaturalist_243890974.png,success
Chaetodon_ephippium_iNaturalist_330181464.jpg,Chaetodon ephippium,images_inaturalist,hybrid_apple_dinosam,1,30611,1024,791,0.0378,analysis/approach_1_gmm/segmented_dinosam/Chaetodon_ephippium/Chaetodon_ephippium_iNaturalist_330181464.png,success
Chaetodon_ephippium_iNaturalist_330181465.jpg,Chaetodon ephippium,images_inaturalist,hybrid_apple_dinosam,2,34154,1024,810,0.0412,analysis/approach_1_gmm/segmented_dinosam/Chaetodon_ephippium/Chaetodon_ephippium_iNaturalist_330181465.png,success
Chaetodon_ephippium_iNaturalist_330181466.jpg,Chaetodon ephippium,images_inaturalist,hybrid_apple_dinosam,1,0,1024,748,0.0,analysis/approach_1_gmm/segmented_dinosam/Chaetodon_ephippium/Chaetodon_ephippium_iNaturalist_330181466.png,success
Chaetodon_falcula_iNaturalist_317097780.jpg,Chaetodon falcula,images_inaturalist,hybrid_apple_dinosam,2,27263,1024,696,0.0383,analysis/approach_1_gmm/segmented_dinosam/Chaetodon_falcula/Chaetodon_falcula_iNaturalist_317097780.png,success
Chaetodon_falcula_iNaturalist_340839235.jpg,Chaetodon falcula,images_inaturalist,hybrid_apple_dinosam,2,64218,835,542,0.1419,analysis/approach_1_gmm/segmented_dinosam/Chaetodon_falcula/Chaetodon_falcula_iNaturalist_340839235.png,success
Chaetodon_falcula_iNaturalist_379635851.jpg,Chaetodon falcula,images_inaturalist,hybrid_apple_dinosam,1,50991,960,840,0.0632,analysis/approach_1_gmm/segmented_dinosam/Chaetodon_falcula/Chaetodon_falcula_iNaturalist_379635851.png,success
Chaetodon_fasciatus_iNaturalist_344206924.jpg,Chaetodon fasciatus,images_inaturalist,hybrid_apple_dinosam,12,3853,768,1024,0.0049,analysis/approach_1_gmm/segmented_dinosam/Chaetodon_fasciatus/Chaetodon_fasciatus_iNaturalist_344206924.png,success
Chaetodon_fasciatus_iNaturalist_480744407.jpg,Chaetodon fasciatus,images_inaturalist,hybrid_apple_dinosam,2,6776,1024,768,0.0086,analysis/approach_1_gmm/segmented_dinosam/Chaetodon_fasciatus/Chaetodon_fasciatus_iNaturalist_480744407.png,success
Chaetodon_flavirostris_iNaturalist_17376679.jpg,Chaetodon flavirostris,images_inaturalist,hybrid_apple_dinosam,1,27568,1024,768,0.0351,analysis/approach_1_gmm/segmented_dinosam/Chaetodon_flavirostris/Chaetodon_flavirostris_iNaturalist_17376679.png,success
Chaetodon_flavirostris_iNaturalist_17376788.jpg,Chaetodon flavirostris,images_inaturalist,hybrid_apple_dinosam,1,21893,1024,614,0.0348,analysis/approach_1_gmm/segmented_dinosam/Chaetodon_flavirostris/Chaetodon_flavirostris_iNaturalist_17376788.png,success
Chaetodon_flavirostris_iNaturalist_177651824.jpg,Chaetodon flavirostris,images_inaturalist,hybrid_apple_dinosam,2,0,1024,703,0.0,analysis/approach_1_gmm/segmented_dinosam/Chaetodon_flavirostris/Chaetodon_flavirostris_iNaturalist_177651824.png,success
Chaetodon_flavirostris_iNaturalist_20063822.jpg,Chaetodon flavirostris,images_inaturalist,hybrid_apple_dinosam,1,390716,1024,683,0.5587,analysis/approach_1_gmm/segmented_dinosam/Chaetodon_flavirostris/Chaetodon_flavirostris_iNaturalist_20063822.png,success
Chaetodon_flavocoronatus_iNaturalist_598684494.jpg,Chaetodon flavocoronatus,images_inaturalist,hybrid_apple_dinosam,1,0,1024,767,0.0,analysis/approach_1_gmm/segmented_dinosam/Chaetodon_flavocoronatus/Chaetodon_flavocoronatus_iNaturalist_598684494.png,success
Chaetodon_fremblii_iNaturalist_101580731.jpg,Chaetodon fremblii,images_inaturalist,dinosam,3,26088,1024,768,0.0332,analysis/approach_1_gmm/segmented_dinosam/Chaetodon_fremblii/Chaetodon_fremblii_iNaturalist_101580731.png,success
Chaetodon_fremblii_iNaturalist_380394577.jpg,Chaetodon fremblii,images_inaturalist,hybrid_apple_dinosam,1,19437,720,540,0.05,analysis/approach_1_gmm/segmented_dinosam/Chaetodon_fremblii/Chaetodon_fremblii_iNaturalist_380394577.png,success
Chaetodon_fremblii_iNaturalist_443350802.jpg,Chaetodon fremblii,images_inaturalist,hybrid_apple_dinosam,1,26364,1024,683,0.0377,analysis/approach_1_gmm/segmented_dinosam/Chaetodon_fremblii/Chaetodon_fremblii_iNaturalist_443350802.png,success
Chaetodon_gardineri_iNaturalist_174082664.jpg,Chaetodon gardineri,images_inaturalist,dinosam,2,773532,1024,768,0.9836,analysis/approach_1_gmm/segmented_dinosam/Chaetodon_gardineri/Chaetodon_gardineri_iNaturalist_174082664.png,success
Chaetodon_guentheri_iNaturalist_12931521.jpg,Chaetodon guentheri,images_inaturalist,hybrid_apple_dinosam,1,31848,1024,761,0.0409,analysis/approach_1_gmm/segmented_dinosam/Chaetodon_guentheri/Chaetodon_guentheri_iNaturalist_12931521.png,success
Chaetodon_guentheri_iNaturalist_260515897.jpg,Chaetodon guentheri,images_inaturalist,hybrid_apple_dinosam,1,0,1024,683,0.0,analysis/approach_1_gmm/segmented_dinosam/Chaetodon_guentheri/Chaetodon_guentheri_iNaturalist_260515897.png,success
Chaetodon_guentheri_iNaturalist_260515911.jpg,Chaetodon guentheri,images_inaturalist,hybrid_apple_dinosam,1,34351,1024,682,0.0492,analysis/approach_1_gmm/segmented_dinosam/Chaetodon_guentheri/Chaetodon_guentheri_iNaturalist_260515911.png,success
Chaetodon_guttatissimus_iNaturalist_174546136.jpg,Chaetodon guttatissimus,images_inaturalist,dinosam,3,400988,768,1024,0.5099,analysis/approach_1_gmm/segmented_dinosam/Chaetodon_guttatissimus/Chaetodon_guttatissimus_iNaturalist_174546136.png,success
Chaetodon_guttatissimus_iNaturalist_26864062.jpg,Chaetodon guttatissimus,images_inaturalist,hybrid_apple_dinosam,1,0,1024,684,0.0,analysis/approach_1_gmm/segmented_dinosam/Chaetodon_guttatissimus/Chaetodon_guttatissimus_iNaturalist_26864062.png,success
Chaetodon_guttatissimus_iNaturalist_474997418.jpg,Chaetodon guttatissimus,images_inaturalist,hybrid_apple_dinosam,2,58455,1024,827,0.069,analysis/approach_1_gmm/segmented_dinosam/Chaetodon_guttatissimus/Chaetodon_guttatissimus_iNaturalist_474997418.png,success
Chaetodon_hoefleri_iNaturalist_349923956.jpg,Chaetodon hoefleri,images_inaturalist,hybrid_apple_dinosam,1,353341,1024,683,0.5052,analysis/approach_1_gmm/segmented_dinosam/Chaetodon_hoefleri/Chaetodon_hoefleri_iNaturalist_349923956.png,success
Chaetodon_hoefleri_iNaturalist_350007389.jpg,Chaetodon hoefleri,images_inaturalist,dinosam,2,101348,540,304,0.6174,analysis/approach_1_gmm/segmented_dinosam/Chaetodon_hoefleri/Chaetodon_hoefleri_iNaturalist_350007389.png,success
Chaetodon_hoefleri_iNaturalist_424743322.jpg,Chaetodon hoefleri,images_inaturalist,hybrid_apple_dinosam,13,16733,1024,683,0.0239,analysis/approach_1_gmm/segmented_dinosam/Chaetodon_hoefleri/Chaetodon_hoefleri_iNaturalist_424743322.png,success
Chaetodon_humeralis_iNaturalist_10169427.jpg,Chaetodon humeralis,images_inaturalist,dinosam,6,475472,1024,768,0.6046,analysis/approach_1_gmm/segmented_dinosam/Chaetodon_humeralis/Chaetodon_humeralis_iNaturalist_10169427.png,success
Chaetodon_humeralis_iNaturalist_11971502.jpg,Chaetodon humeralis,images_inaturalist,dinosam,13,391369,1024,768,0.4977,analysis/approach_1_gmm/segmented_dinosam/Chaetodon_humeralis/Chaetodon_humeralis_iNaturalist_11971502.png,success
Chaetodon_humeralis_iNaturalist_1461105.jpg,Chaetodon humeralis,images_inaturalist,hybrid_apple_dinosam,3,21538,1024,876,0.024,analysis/approach_1_gmm/segmented_dinosam/Chaetodon_humeralis/Chaetodon_humeralis_iNaturalist_1461105.png,success
Chaetodon_humeralis_iNaturalist_298048415.jpg,Chaetodon humeralis,images_inaturalist,dinosam,3,682351,1024,683,0.9756,analysis/approach_1_gmm/segmented_dinosam/Chaetodon_humeralis/Chaetodon_humeralis_iNaturalist_298048415.png,success
Chaetodon_humeralis_iNaturalist_456296117.jpg,Chaetodon humeralis,images_inaturalist,hybrid_apple_dinosam,3,33080,1024,769,0.042,analysis/approach_1_gmm/segmented_dinosam/Chaetodon_humeralis/Chaetodon_humeralis_iNaturalist_456296117.png,success
Chaetodon_humeralis_iNaturalist_607033378.jpg,Chaetodon humeralis,images_inaturalist,hybrid_apple_dinosam,1,0,1024,574,0.0,analysis/approach_1_gmm/segmented_dinosam/Chaetodon_humeralis/Chaetodon_humeralis_iNaturalist_607033378.png,success
Chaetodon_humeralis_iNaturalist_85384668.jpg,Chaetodon humeralis,images_inaturalist,dinosam,23,36417,1024,768,0.0463,analysis/approach_1_gmm/segmented_dinosam/Chaetodon_humeralis/Chaetodon_humeralis_iNaturalist_85384668.png,success
Chaetodon_humeralis_iNaturalist_87012423.jpg,Chaetodon humeralis,images_inaturalist,dinosam,5,330977,1024,768,0.4209,analysis/approach_1_gmm/segmented_dinosam/Chaetodon_humeralis/Chaetodon_humeralis_iNaturalist_87012423.png,success
Chaetodon_humeralis_iNaturalist_88599882.jpg,Chaetodon humeralis,images_inaturalist,dinosam,11,334233,1024,768,0.425,analysis/approach_1_gmm/segmented_dinosam/Chaetodon_humeralis/Chaetodon_humeralis_iNaturalist_88599882.png,success
Chaetodon_interruptus_iNaturalist_170722148.jpg,Chaetodon interruptus,images_inaturalist,hybrid_apple_dinosam,1,0,1024,684,0.0,analysis/approach_1_gmm/segmented_dinosam/Chaetodon_interruptus/Chaetodon_interruptus_iNaturalist_170722148.png,success
Chaetodon_interruptus_iNaturalist_479599038.jpg,Chaetodon interruptus,images_inaturalist,hybrid_apple_dinosam,2,0,1024,768,0.0,analysis/approach_1_gmm/segmented_dinosam/Chaetodon_interruptus/Chaetodon_interruptus_iNaturalist_479599038.png,success
Chaetodon_interruptus_iNaturalist_75713374.jpg,Chaetodon interruptus,images_inaturalist,hybrid_apple_dinosam,1,39,1024,622,0.0001,analysis/approach_1_gmm/segmented_dinosam/Chaetodon_interruptus/Chaetodon_interruptus_iNaturalist_75713374.png,success
Chaetodon_interruptus_iNaturalist_82279573.jpg,Chaetodon interruptus,images_inaturalist,hybrid_apple_dinosam,2,101661,804,1024,0.1235,analysis/approach_1_gmm/segmented_dinosam/Chaetodon_interruptus/Chaetodon_interruptus_iNaturalist_82279573.png,success
Chaetodon_interruptus_iNaturalist_82279598.jpg,Chaetodon interruptus,images_inaturalist,hybrid_apple_dinosam,2,0,1024,756,0.0,analysis/approach_1_gmm/segmented_dinosam/Chaetodon_interruptus/Chaetodon_interruptus_iNaturalist_82279598.png,success
Chaetodon_interruptus_iNaturalist_82279627.jpg,Chaetodon interruptus,images_inaturalist,hybrid_apple_dinosam,3,0,1024,635,0.0,analysis/approach_1_gmm/segmented_dinosam/Chaetodon_interruptus/Chaetodon_interruptus_iNaturalist_82279627.png,success
Chaetodon_kleinii_iNaturalist_409583506.jpg,Chaetodon kleinii,images_inaturalist,hybrid_apple_dinosam,1,25126,1024,768,0.0319,analysis/approach_1_gmm/segmented_dinosam/Chaetodon_kleinii/Chaetodon_kleinii_iNaturalist_409583506.png,success
Chaetodon_kleinii_iNaturalist_530434066.jpg,Chaetodon kleinii,images_inaturalist,hybrid_apple_dinosam,1,65652,1024,768,0.0835,analysis/approach_1_gmm/segmented_dinosam/Chaetodon_kleinii/Chaetodon_kleinii_iNaturalist_530434066.png,success
Chaetodon_kleinii_iNaturalist_530434335.jpg,Chaetodon kleinii,images_inaturalist,hybrid_apple_dinosam,1,39590,1024,768,0.0503,analysis/approach_1_gmm/segmented_dinosam/Chaetodon_kleinii/Chaetodon_kleinii_iNaturalist_530434335.png,success
Chaetodon_kleinii_iNaturalist_97428922.jpg,Chaetodon kleinii,images_inaturalist,hybrid_apple_dinosam,1,49638,1024,880,0.0551,analysis/approach_1_gmm/segmented_dinosam/Chaetodon_kleinii/Chaetodon_kleinii_iNaturalist_97428922.png,success
Chaetodon_kleinii_iNaturalist_97482217.jpg,Chaetodon kleinii,images_inaturalist,hybrid_apple_dinosam,2,9537,1024,768,0.0121,analysis/approach_1_gmm/segmented_dinosam/Chaetodon_kleinii/Chaetodon_kleinii_iNaturalist_97482217.png,success
Chaetodon_larvatus_iNaturalist_183943894.jpg,Chaetodon larvatus,images_inaturalist,hybrid_apple_dinosam,1,9669,1024,683,0.0138,analysis/approach_1_gmm/segmented_dinosam/Chaetodon_larvatus/Chaetodon_larvatus_iNaturalist_183943894.png,success
Chaetodon_larvatus_iNaturalist_183943928.jpg,Chaetodon larvatus,images_inaturalist,hybrid_apple_dinosam,2,7683,1024,683,0.011,analysis/approach_1_gmm/segmented_dinosam/Chaetodon_larvatus/Chaetodon_larvatus_iNaturalist_183943928.png,success
Chaetodon_larvatus_iNaturalist_183943944.jpg,Chaetodon larvatus,images_inaturalist,dinosam,28,323040,1024,683,0.4619,analysis/approach_1_gmm/segmented_dinosam/Chaetodon_larvatus/Chaetodon_larvatus_iNaturalist_183943944.png,success
Chaetodon_larvatus_iNaturalist_183943966.jpg,Chaetodon larvatus,images_inaturalist,dinosam,62,244362,1024,683,0.3494,analysis/approach_1_gmm/segmented_dinosam/Chaetodon_larvatus/Chaetodon_larvatus_iNaturalist_183943966.png,success
Chaetodon_larvatus_iNaturalist_605922484.jpg,Chaetodon larvatus,images_inaturalist,dinosam,6,499979,1024,711,0.6867,analysis/approach_1_gmm/segmented_dinosam/Chaetodon_larvatus/Chaetodon_larvatus_iNaturalist_605922484.png,success
Chaetodon_leucopleura_iNaturalist_257991081.jpg,Chaetodon leucopleura,images_inaturalist,hybrid_apple_dinosam,1,8421,1024,768,0.0107,analysis/approach_1_gmm/segmented_dinosam/Chaetodon_leucopleura/Chaetodon_leucopleura_iNaturalist_257991081.png,success
Chaetodon_leucopleura_iNaturalist_431017214.jpg,Chaetodon leucopleura,images_inaturalist,dinosam,5,134211,1024,768,0.1707,analysis/approach_1_gmm/segmented_dinosam/Chaetodon_leucopleura/Chaetodon_leucopleura_iNaturalist_431017214.png,success
Chaetodon_lineolatus_iNaturalist_474229031.jpg,Chaetodon lineolatus,images_inaturalist,hybrid_apple_dinosam,4,0,1024,768,0.0,analysis/approach_1_gmm/segmented_dinosam/Chaetodon_lineolatus/Chaetodon_lineolatus_iNaturalist_474229031.png,success
Chaetodon_lineolatus_iNaturalist_474229195.jpg,Chaetodon lineolatus,images_inaturalist,dinosam,2,595837,1024,768,0.7576,analysis/approach_1_gmm/segmented_dinosam/Chaetodon_lineolatus/Chaetodon_lineolatus_iNaturalist_474229195.png,success
Chaetodon_lineolatus_iNaturalist_474229198.jpg,Chaetodon lineolatus,images_inaturalist,hybrid_apple_dinosam,2,3475,1024,768,0.0044,analysis/approach_1_gmm/segmented_dinosam/Chaetodon_lineolatus/Chaetodon_lineolatus_iNaturalist_474229198.png,success
Chaetodon_lineolatus_iNaturalist_474229199.jpg,Chaetodon lineolatus,images_inaturalist,dinosam,5,379345,1024,768,0.4824,analysis/approach_1_gmm/segmented_dinosam/Chaetodon_lineolatus/Chaetodon_lineolatus_iNaturalist_474229199.png,success
Chaetodon_lineolatus_iNaturalist_474229221.jpg,Chaetodon lineolatus,images_inaturalist,dinosam,2,446632,1024,768,0.5679,analysis/approach_1_gmm/segmented_dinosam/Chaetodon_lineolatus/Chaetodon_lineolatus_iNaturalist_474229221.png,success
Chaetodon_lineolatus_iNaturalist_474229225.jpg,Chaetodon lineolatus,images_inaturalist,hybrid_apple_dinosam,1,0,1024,768,0.0,analysis/approach_1_gmm/segmented_dinosam/Chaetodon_lineolatus/Chaetodon_lineolatus_iNaturalist_474229225.png,success
Chaetodon_lineolatus_iNaturalist_91071941.jpg,Chaetodon lineolatus,images_inaturalist,hybrid_apple_dinosam,1,34092,1024,683,0.0487,analysis/approach_1_gmm/segmented_dinosam/Chaetodon_lineolatus/Chaetodon_lineolatus_iNaturalist_91071941.png,success
Chaetodon_lineolatus_iNaturalist_9952627.jpg,Chaetodon lineolatus,images_inaturalist,hybrid_apple_dinosam,2,34625,1024,957,0.0353,analysis/approach_1_gmm/segmented_dinosam/Chaetodon_lineolatus/Chaetodon_lineolatus_iNaturalist_9952627.png,success
Chaetodon_lineolatus_iNaturalist_9952634.jpg,Chaetodon lineolatus,images_inaturalist,dinosam,14,692371,1024,791,0.8548,analysis/approach_1_gmm/segmented_dinosam/Chaetodon_lineolatus/Chaetodon_lineolatus_iNaturalist_9952634.png,success
Chaetodon_litus_iNaturalist_12603647.jpg,Chaetodon litus,images_inaturalist,dinosam,25,593476,1024,768,0.7546,analysis/approach_1_gmm/segmented_dinosam/Chaetodon_litus/Chaetodon_litus_iNaturalist_12603647.png,success
Chaetodon_litus_iNaturalist_250896809.jpg,Chaetodon litus,images_inaturalist,hybrid_apple_dinosam,1,0,1024,576,0.0,analysis/approach_1_gmm/segmented_dinosam/Chaetodon_litus/Chaetodon_litus_iNaturalist_250896809.png,success
Chaetodon_litus_iNaturalist_250896825.jpg,Chaetodon litus,images_inaturalist,hybrid_apple_dinosam,7,6003,1024,576,0.0102,analysis/approach_1_gmm/segmented_dinosam/Chaetodon_litus/Chaetodon_litus_iNaturalist_250896825.png,success
Chaetodon_litus_iNaturalist_474014549.jpg,Chaetodon litus,images_inaturalist,hybrid_apple_dinosam,2,33913,1024,771,0.043,analysis/approach_1_gmm/segmented_dinosam/Chaetodon_litus/Chaetodon_litus_iNaturalist_474014549.png,success
Chaetodon_litus_iNaturalist_490178965.jpg,Chaetodon litus,images_inaturalist,hybrid_apple_dinosam,1,9997,1024,683,0.0143,analysis/approach_1_gmm/segmented_dinosam/Chaetodon_litus/Chaetodon_litus_iNaturalist_490178965.png,success
Chaetodon_litus_iNaturalist_534683960.jpg,Chaetodon litus,images_inaturalist,hybrid_apple_dinosam,2,85446,1024,655,0.1274,analysis/approach_1_gmm/segmented_dinosam/Chaetodon_litus/Chaetodon_litus_iNaturalist_534683960.png,success
Chaetodon_litus_iNaturalist_534683993.jpg,Chaetodon litus,images_inaturalist,hybrid_apple_dinosam,6,4841,817,783,0.0076,analysis/approach_1_gmm/segmented_dinosam/Chaetodon_litus/Chaetodon_litus_iNaturalist_534683993.png,success
Chaetodon_litus_iNaturalist_534683999.jpg,Chaetodon litus,images_inaturalist,hybrid_apple_dinosam,4,58780,1024,624,0.092,analysis/approach_1_gmm/segmented_dinosam/Chaetodon_litus/Chaetodon_litus_iNaturalist_534683999.png,success
Chaetodon_lunula_iNaturalist_178875223.jpg,Chaetodon lunula,images_inaturalist,hybrid_apple_dinosam,3,12049,1024,768,0.0153,analysis/approach_1_gmm/segmented_dinosam/Chaetodon_lunula/Chaetodon_lunula_iNaturalist_178875223.png,success
Chaetodon_lunula_iNaturalist_290315608.jpg,Chaetodon lunula,images_inaturalist,hybrid_apple_dinosam,3,141,1024,682,0.0002,analysis/approach_1_gmm/segmented_dinosam/Chaetodon_lunula/Chaetodon_lunula_iNaturalist_290315608.png,success
