filename,species,source,original_mean_L,species_mean_L,L_shift,n_body_pixels,n_pixels_clamped
Amphichaetodon_howensis_FishBase_Amhow_u3.jpg,Amphichaetodon howensis,fishbase,31.53,33.06,1.52,112801,1793
Amphichaetodon_howensis_Bishop_-1464681654.jpg,Amphichaetodon howensis,bishop,29.05,33.06,4.01,196605,3279
Amphichaetodon_howensis_Bishop_-369771762.jpg,Amphichaetodon howensis,bishop,31.35,33.06,1.7,200422,2602
Amphichaetodon_howensis_Bishop_472868867.jpg,Amphichaetodon howensis,bishop,30.11,33.06,2.95,192054,2826
Amphichaetodon_howensis_FishBase_Amhow_u0.jpg,Amphichaetodon howensis,fishbase,49.35,33.06,-16.3,60932,18089
Amphichaetodon_howensis_FishBase_Amhow_u1.jpg,Amphichaetodon howensis,fishbase,30.55,33.06,2.51,107044,1798
Amphichaetodon_howensis_FishBase_Amhow_u2.jpg,Amphichaetodon howensis,fishbase,29.44,33.06,3.61,110239,2225
Amphichaetodon_melbae_FishBase_Ammel_u0.jpg,Amphichaetodon melbae,fishbase,49.07,48.85,-0.22,105371,6012
Amphichaetodon_melbae_Bishop_-1115161976.jpg,Amphichaetodon melbae,bishop,48.63,48.85,0.22,188561,325
Chaetodon_adiergastos_FishPix_28455AF.jpg,Chaetodon adiergastos,fishpix,68.77,60.22,-8.55,111422,3780
Chaetodon_adiergastos_Bishop_1979529705.jpg,Chaetodon adiergastos,bishop,60.27,60.22,-0.04,216955,308
Chaetodon_adiergastos_FishBase_Chadi_u0.jpg,Chaetodon adiergastos,fishbase,66.5,60.22,-6.28,84933,4891
Chaetodon_adiergastos_FishBase_Chadi_u1.jpg,Chaetodon adiergastos,fishbase,60.73,60.22,-0.51,121982,2182
Chaetodon_adiergastos_FishBase_Chadi_u2.jpg,Chaetodon adiergastos,fishbase,69.41,60.22,-9.19,118949,3713
Chaetodon_adiergastos_FishBase_Chadi_u3.jpg,Chaetodon adiergastos,fishbase,67.04,60.22,-6.82,28695,940
Chaetodon_adiergastos_FishBase_Chadi_u4.jpg,Chaetodon adiergastos,fishbase,28.84,60.22,31.38,145400,14022
Chaetodon_andamanensis_FishPix_88987AF.jpg,Chaetodon andamanensis,fishpix,88.03,64.52,-23.51,161775,8044
Chaetodon_andamanensis_Bishop_-322272266.jpg,Chaetodon andamanensis,bishop,44.05,64.52,20.47,241581,2526
Chaetodon_andamanensis_FishBase_Chand_j0.jpg,Chaetodon andamanensis,fishbase,84.04,64.52,-19.51,148855,3962
Chaetodon_andamanensis_FishBase_Chand_u0.jpg,Chaetodon andamanensis,fishbase,44.62,64.52,19.91,136692,3139
Chaetodon_andamanensis_FishBase_Chand_u1.jpg,Chaetodon andamanensis,fishbase,61.87,64.52,2.65,109023,3
Chaetodon_argentatus_FishPix_2068AF.jpg,Chaetodon argentatus,fishpix,60.37,50.79,-9.58,127902,6633
Chaetodon_argentatus_Bishop_1074668308.jpg,Chaetodon argentatus,bishop,53.19,50.79,-2.4,191414,4703
Chaetodon_argentatus_FishBase_Charg_u0.jpg,Chaetodon argentatus,fishbase,36.37,50.79,14.42,106130,2918
Chaetodon_argentatus_FishBase_Charg_u2.jpg,Chaetodon argentatus,fishbase,53.54,50.79,-2.75,107235,4215
Chaetodon_argentatus_FishBase_Charg_u3.jpg,Chaetodon argentatus,fishbase,45.86,50.79,4.93,78672,5649
Chaetodon_argentatus_FishBase_Charg_ua.jpg,Chaetodon argentatus,fishbase,55.42,50.79,-4.63,105240,14575
Chaetodon_assarius_FishBase_Chass_u0.jpg,Chaetodon assarius,fishbase,72.67,72.67,0.0,137228,0
Chaetodon_aureofasciatus_FishBase_Chaur_ui.jpg,Chaetodon aureofasciatus,fishbase,52.86,58.63,5.78,99413,2443
Chaetodon_aureofasciatus_Bishop_1459626629.jpg,Chaetodon aureofasciatus,bishop,58.59,58.63,0.04,192815,403
Chaetodon_aureofasciatus_FishBase_Chaur_u1.jpg,Chaetodon aureofasciatus,fishbase,59.37,58.63,-0.73,107937,1738
Chaetodon_aureofasciatus_FishBase_Chaur_ut.jpg,Chaetodon aureofasciatus,fishbase,63.72,58.63,-5.09,108628,502
Chaetodon_auriga_FishPix_12061AF.jpg,Chaetodon auriga,fishpix,48.52,62.43,13.91,98136,1
Chaetodon_auriga_Bishop_-2122348146.jpg,Chaetodon auriga,bishop,61.02,62.43,1.41,239289,3814
Chaetodon_auriga_Bishop_1449897185.jpg,Chaetodon auriga,bishop,62.47,62.43,-0.03,199808,2823
Chaetodon_auriga_Bishop_1547714619.jpg,Chaetodon auriga,bishop,64.13,62.43,-1.7,247137,1911
Chaetodon_auriga_Bishop_1988149751.jpg,Chaetodon auriga,bishop,52.82,62.43,9.61,241771,17727
Chaetodon_auriga_Bishop_415255648.jpg,Chaetodon auriga,bishop,58.56,62.43,3.87,272910,9018
Chaetodon_auriga_Bishop_843681634.jpg,Chaetodon auriga,bishop,61.15,62.43,1.28,254585,2369
Chaetodon_auriga_FishBase_Chaur_u0.jpg,Chaetodon auriga,fishbase,71.75,62.43,-9.32,131817,3413
Chaetodon_auriga_FishBase_Chaur_u3.jpg,Chaetodon auriga,fishbase,66.24,62.43,-3.81,37423,590
Chaetodon_auriga_FishBase_Chaur_u4.jpg,Chaetodon auriga,fishbase,62.68,62.43,-0.25,156675,1791
Chaetodon_auriga_FishBase_Chaur_u5.jpg,Chaetodon auriga,fishbase,60.98,62.43,1.45,135557,4374
Chaetodon_auriga_FishBase_Chaur_u6.jpg,Chaetodon auriga,fishbase,62.82,62.43,-0.39,155140,3186
Chaetodon_auriga_FishBase_Chaur_u7.jpg,Chaetodon auriga,fishbase,58.89,62.43,3.54,153285,5893
Chaetodon_auriga_FishBase_Chaur_u8.jpg,Chaetodon auriga,fishbase,61.6,62.43,0.83,156888,1584
Chaetodon_auriga_FishBase_Chaur_u9.jpg,Chaetodon auriga,fishbase,64.55,62.43,-2.12,138681,1928
Chaetodon_auriga_FishBase_Chaur_ua.jpg,Chaetodon auriga,fishbase,53.18,62.43,9.25,136139,11253
Chaetodon_auriga_FishBase_Chaur_ud.jpg,Chaetodon auriga,fishbase,69.46,62.43,-7.03,107823,1345
Chaetodon_auriga_FishBase_Chaur_ue.jpg,Chaetodon auriga,fishbase,74.4,62.43,-11.97,13225,528
Chaetodon_auriga_FishBase_Chaur_ul.jpg,Chaetodon auriga,fishbase,70.7,62.43,-8.27,123649,4538
Chaetodon_auriga_FishBase_Chaur_un.jpg,Chaetodon auriga,fishbase,78.11,62.43,-15.68,67217,178
Chaetodon_auriga_FishBase_Chaur_uv.jpg,Chaetodon auriga,fishbase,59.59,62.43,2.84,74691,474
Chaetodon_auriga_FishBase_Chaur_uz.jpg,Chaetodon auriga,fishbase,59.53,62.43,2.9,83359,1533
Chaetodon_auriga_FishBase_Chauru11.jpg,Chaetodon auriga,fishbase,52.75,62.43,9.68,90401,3144
Chaetodon_auripes_FishPix_140765AF.jpg,Chaetodon auripes,fishpix,48.86,46.53,-2.33,134207,664
Chaetodon_auripes_Bishop_-346327811.jpg,Chaetodon auripes,bishop,36.86,46.53,9.67,233578,1576
Chaetodon_auripes_Bishop_1839596140.jpg,Chaetodon auripes,bishop,43.52,46.53,3.02,255494,1573
Chaetodon_auripes_FishBase_Chaur_j0.jpg,Chaetodon auripes,fishbase,37.0,46.53,9.53,61634,1599
Chaetodon_auripes_FishBase_Chaur_u10.jpg,Chaetodon auripes,fishbase,52.14,46.53,-5.61,156093,2944
Chaetodon_auripes_FishBase_Chaur_u2.jpg,Chaetodon auripes,fishbase,39.83,46.53,6.7,109295,3161
Chaetodon_auripes_FishBase_Chaur_ub.jpg,Chaetodon auripes,fishbase,37.55,46.53,8.98,131663,1105
Chaetodon_auripes_FishBase_Chaur_uc.jpg,Chaetodon auripes,fishbase,43.33,46.53,3.21,142655,2880
Chaetodon_auripes_FishBase_Chaur_uo.jpg,Chaetodon auripes,fishbase,68.52,46.53,-21.99,97117,2375
Chaetodon_auripes_FishBase_Chaur_uu.jpg,Chaetodon auripes,fishbase,45.85,46.53,0.68,90430,48
Chaetodon_auripes_FishBase_Chauru12.jpg,Chaetodon auripes,fishbase,58.4,46.53,-11.87,123502,5272
Chaetodon_austriacus_FishBase_Chaus_u1.jpg,Chaetodon austriacus,fishbase,57.61,65.91,8.31,153203,17481
Chaetodon_austriacus_Bishop_-1737564550.jpg,Chaetodon austriacus,bishop,57.25,65.91,8.66,272412,29112
Chaetodon_austriacus_FishBase_Chaus_u0.jpg,Chaetodon austriacus,fishbase,57.0,65.91,8.91,68939,5862
Chaetodon_austriacus_FishBase_Chaus_u2.jpg,Chaetodon austriacus,fishbase,77.19,65.91,-11.28,69401,1990
Chaetodon_austriacus_FishBase_Chaus_u3.jpg,Chaetodon austriacus,fishbase,80.51,65.91,-14.6,151297,3713
Chaetodon_baronessa_FishPix_23026AF.jpg,Chaetodon baronessa,fishpix,51.89,43.9,-7.99,106056,14755
Chaetodon_baronessa_Bishop_-2122794458.jpg,Chaetodon baronessa,bishop,31.34,43.9,12.56,249399,5949
Chaetodon_baronessa_Bishop_1152880952.jpg,Chaetodon baronessa,bishop,33.5,43.9,10.4,211574,2833
Chaetodon_baronessa_Bishop_601798515.jpg,Chaetodon baronessa,bishop,46.36,43.9,-2.47,225146,3935
Chaetodon_baronessa_Bishop_918345433.jpg,Chaetodon baronessa,bishop,34.19,43.9,9.71,243224,7254
Chaetodon_baronessa_FishBase_Chbar_j0.jpg,Chaetodon baronessa,fishbase,52.43,43.9,-8.53,37018,1753
Chaetodon_baronessa_FishBase_Chbar_u0.jpg,Chaetodon baronessa,fishbase,30.88,43.9,13.02,138581,5258
Chaetodon_baronessa_FishBase_Chbar_u1.jpg,Chaetodon baronessa,fishbase,34.61,43.9,9.28,136609,5001
Chaetodon_baronessa_FishBase_Chbar_u2.jpg,Chaetodon baronessa,fishbase,50.88,43.9,-6.98,78562,9027
Chaetodon_baronessa_FishBase_Chbar_u3.jpg,Chaetodon baronessa,fishbase,33.74,43.9,10.16,118570,2278
Chaetodon_baronessa_FishBase_Chbar_u4.jpg,Chaetodon baronessa,fishbase,46.89,43.9,-3.0,126247,2782
Chaetodon_baronessa_FishBase_Chbar_u5.jpg,Chaetodon baronessa,fishbase,54.79,43.9,-10.9,78296,3676
Chaetodon_baronessa_FishBase_Chbar_u7.jpg,Chaetodon baronessa,fishbase,60.66,43.9,-16.77,25037,410
Chaetodon_baronessa_FishBase_Chbar_u8.jpg,Chaetodon baronessa,fishbase,52.38,43.9,-8.48,80114,3712
Chaetodon_bennetti_FishPix_16721AF.jpg,Chaetodon bennetti,fishpix,58.19,66.12,7.93,133518,41
Chaetodon_bennetti_Bishop_-2064196433.jpg,Chaetodon bennetti,bishop,65.41,66.12,0.72,232843,2
Chaetodon_bennetti_Bishop_711591108.jpg,Chaetodon bennetti,bishop,60.56,66.12,5.57,212171,4483
Chaetodon_bennetti_FishBase_Chben_u1.jpg,Chaetodon bennetti,fishbase,65.77,66.12,0.36,130914,7
Chaetodon_bennetti_FishBase_Chben_u2.jpg,Chaetodon bennetti,fishbase,61.29,66.12,4.83,118850,3109
Chaetodon_bennetti_FishBase_Chben_u3.jpg,Chaetodon bennetti,fishbase,65.34,66.12,0.78,38121,23
Chaetodon_bennetti_FishBase_Chben_u4.jpg,Chaetodon bennetti,fishbase,75.55,66.12,-9.42,63800,1975
Chaetodon_bennetti_FishBase_Chben_u6.jpg,Chaetodon bennetti,fishbase,74.54,66.12,-8.41,194650,12440
Chaetodon_bennetti_FishBase_Chben_ud.jpg,Chaetodon bennetti,fishbase,68.48,66.12,-2.35,116347,767
Chaetodon_blackburnii_FishBase_Chbla_u0.jpg,Chaetodon blackburnii,fishbase,42.5,30.45,-12.05,158523,47344
Chaetodon_blackburnii_Bishop_-410407509.jpg,Chaetodon blackburnii,bishop,32.68,30.45,-2.23,272898,36831
Chaetodon_blackburnii_Bishop_1288243346.jpg,Chaetodon blackburnii,bishop,25.03,30.45,5.42,259976,1992
Chaetodon_blackburnii_Bishop_300609141.jpg,Chaetodon blackburnii,bishop,42.04,30.45,-11.59,270427,78880
Chaetodon_blackburnii_FishBase_Chbla_f0.jpg,Chaetodon blackburnii,fishbase,33.15,30.45,-2.7,165888,27206
Chaetodon_blackburnii_FishBase_Chbla_j0.jpg,Chaetodon blackburnii,fishbase,26.47,30.45,3.98,62909,3250
Chaetodon_blackburnii_FishBase_Chbla_j1.jpg,Chaetodon blackburnii,fishbase,17.59,30.45,12.86,34762,2424
Chaetodon_blackburnii_FishBase_Chbla_u1.jpg,Chaetodon blackburnii,fishbase,25.19,30.45,5.26,161785,1724
Chaetodon_blackburnii_FishBase_Chbla_u5.jpg,Chaetodon blackburnii,fishbase,29.4,30.45,1.05,86263,230
Chaetodon_burgessi_FishPix_55799AF.jpg,Chaetodon burgessi,fishpix,43.47,48.1,4.64,163103,8581
Chaetodon_burgessi_FishBase_Chbur_u0.jpg,Chaetodon burgessi,fishbase,44.72,48.1,3.38,75664,9239
Chaetodon_burgessi_FishBase_Chbur_u1.jpg,Chaetodon burgessi,fishbase,57.22,48.1,-9.12,162340,47318
Chaetodon_burgessi_FishBase_Chbur_u3.jpg,Chaetodon burgessi,fishbase,48.83,48.1,-0.73,100207,2
Chaetodon_burgessi_FishBase_Chbur_u4.jpg,Chaetodon burgessi,fishbase,48.32,48.1,-0.22,64047,261
Chaetodon_burgessi_FishBase_Chbur_u5.jpg,Chaetodon burgessi,fishbase,46.07,48.1,2.04,84840,8663
Chaetodon_capistratus_FishBase_Chcap_u9.jpg,Chaetodon capistratus,fishbase,65.07,62.18,-2.89,166229,1509
Chaetodon_capistratus_FishBase_Chcap_u0.jpg,Chaetodon capistratus,fishbase,83.38,62.18,-21.2,123249,1274
Chaetodon_capistratus_FishBase_Chcap_ub.jpg,Chaetodon capistratus,fishbase,58.92,62.18,3.25,61653,194
Chaetodon_capistratus_FishBase_Chcap_uh.jpg,Chaetodon capistratus,fishbase,46.74,62.18,15.44,86844,1907
Chaetodon_capistratus_FishBase_Chcap_ui.jpg,Chaetodon capistratus,fishbase,56.78,62.18,5.4,90939,1446
Chaetodon_citrinellus_FishPix_33011AF.jpg,Chaetodon citrinellus,fishpix,54.9,63.19,8.3,112736,0
Chaetodon_citrinellus_Bishop_-1191499504.jpg,Chaetodon citrinellus,bishop,69.16,63.19,-5.96,246018,0
Chaetodon_citrinellus_Bishop_-1736280642.jpg,Chaetodon citrinellus,bishop,63.42,63.19,-0.22,241187,0
Chaetodon_citrinellus_Bishop_-1937929700.jpg,Chaetodon citrinellus,bishop,68.12,63.19,-4.93,245351,105
Chaetodon_citrinellus_Bishop_1043818087.jpg,Chaetodon citrinellus,bishop,66.22,63.19,-3.03,229098,6604
Chaetodon_citrinellus_Bishop_520787921.jpg,Chaetodon citrinellus,bishop,53.45,63.19,9.74,212945,3371
Chaetodon_citrinellus_FishBase_Chcit_u0.jpg,Chaetodon citrinellus,fishbase,53.43,63.19,9.76,129122,6473
Chaetodon_citrinellus_FishBase_Chcit_u1.jpg,Chaetodon citrinellus,fishbase,69.48,63.19,-6.28,138127,53
Chaetodon_citrinellus_FishBase_Chcit_u2.jpg,Chaetodon citrinellus,fishbase,53.74,63.19,9.46,119438,2360
Chaetodon_citrinellus_FishBase_Chcit_u3.jpg,Chaetodon citrinellus,fishbase,63.83,63.19,-0.64,135418,29
Chaetodon_citrinellus_FishBase_Chcit_u4.jpg,Chaetodon citrinellus,fishbase,66.75,63.19,-3.55,128697,4960
Chaetodon_citrinellus_FishBase_Chcit_u5.jpg,Chaetodon citrinellus,fishbase,68.53,63.19,-5.33,137926,914
Chaetodon_citrinellus_FishBase_Chcit_u6.jpg,Chaetodon citrinellus,fishbase,70.5,63.19,-7.31,97138,697
Chaetodon_collare_FishPix_61562AF.jpg,Chaetodon collare,fishpix,57.62,38.3,-19.33,92883,1191
Chaetodon_collare_Bishop_1403678122.jpg,Chaetodon collare,bishop,23.51,38.3,14.79,251503,7681
Chaetodon_collare_Bishop_1999007469.jpg,Chaetodon collare,bishop,37.08,38.3,1.22,233958,2139
Chaetodon_collare_FishBase_Chcol_u0.jpg,Chaetodon collare,fishbase,60.57,38.3,-22.27,132952,629
Chaetodon_collare_FishBase_Chcol_u1.jpg,Chaetodon collare,fishbase,42.5,38.3,-4.21,158769,21619
Chaetodon_collare_FishBase_Chcol_u2.jpg,Chaetodon collare,fishbase,23.76,38.3,14.53,141277,5284
Chaetodon_collare_FishBase_Chcol_u3.jpg,Chaetodon collare,fishbase,37.29,38.3,1.01,131184,2151
Chaetodon_collare_FishBase_Chcol_u6.jpg,Chaetodon collare,fishbase,26.49,38.3,11.81,87702,1755
Chaetodon_collare_FishBase_Chcol_u7.jpg,Chaetodon collare,fishbase,25.71,38.3,12.59,155321,2617
Chaetodon_collare_FishBase_Chcol_u9.jpg,Chaetodon collare,fishbase,38.86,38.3,-0.57,137341,561
Chaetodon_collare_FishBase_Chcol_ub.jpg,Chaetodon collare,fishbase,43.94,38.3,-5.64,117692,3399
Chaetodon_collare_FishBase_Chcol_uc.jpg,Chaetodon collare,fishbase,42.23,38.3,-3.93,129548,11881
Chaetodon_daedalma_FishPix_140579AF.jpg,Chaetodon daedalma,fishpix,33.56,29.53,-4.04,134107,3955
Chaetodon_daedalma_Bishop_1811677923.jpg,Chaetodon daedalma,bishop,26.71,29.53,2.81,249749,2041
Chaetodon_daedalma_FishBase_Chdae_u0.jpg,Chaetodon daedalma,fishbase,30.77,29.53,-1.24,83734,10581
Chaetodon_daedalma_FishBase_Chdae_u1.jpg,Chaetodon daedalma,fishbase,27.06,29.53,2.46,140222,4794
Chaetodon_declivis_FishBase_Chdec_u2.jpg,Chaetodon declivis,fishbase,61.56,60.15,-1.41,114757,2551
Chaetodon_declivis_Bishop_-274435096.jpg,Chaetodon declivis,bishop,60.91,60.15,-0.76,204961,3894
Chaetodon_declivis_Bishop_-405463978.jpg,Chaetodon declivis,bishop,50.62,60.15,9.53,172588,15541
Chaetodon_declivis_Bishop_1376440265.jpg,Chaetodon declivis,bishop,58.04,60.15,2.11,205298,4678
Chaetodon_declivis_FishBase_Chdec_u0.jpg,Chaetodon declivis,fishbase,53.14,60.15,7.01,100823,4312
Chaetodon_declivis_FishBase_Chdec_u1.jpg,Chaetodon declivis,fishbase,50.83,60.15,9.32,96315,9418
Chaetodon_declivis_FishBase_Chdec_u3.jpg,Chaetodon declivis,fishbase,58.81,60.15,1.34,114823,2600
Chaetodon_declivis_FishBase_Chdec_ua.jpg,Chaetodon declivis,fishbase,77.63,60.15,-17.48,77086,2913
Chaetodon_declivis_FishBase_Chdec_ub.jpg,Chaetodon declivis,fishbase,69.8,60.15,-9.65,91437,5090
Chaetodon_decussatus_FishBase_Chdec_u4.jpg,Chaetodon decussatus,fishbase,44.75,50.97,6.22,133585,6107
Chaetodon_decussatus_Bishop_527122207.jpg,Chaetodon decussatus,bishop,44.31,50.97,6.66,237954,9948
Chaetodon_decussatus_FishBase_Chdec_j0.jpg,Chaetodon decussatus,fishbase,59.93,50.97,-8.96,87417,4992
Chaetodon_decussatus_FishBase_Chdec_u5.jpg,Chaetodon decussatus,fishbase,51.13,50.97,-0.16,100461,5
Chaetodon_decussatus_FishBase_Chdec_u6.jpg,Chaetodon decussatus,fishbase,43.48,50.97,7.48,78480,56
Chaetodon_decussatus_FishBase_Chdec_u7.jpg,Chaetodon decussatus,fishbase,58.89,50.97,-7.92,155171,8625
Chaetodon_decussatus_FishBase_Chdec_uc.jpg,Chaetodon decussatus,fishbase,54.27,50.97,-3.31,114590,3
Chaetodon_dialeucos_FishBase_Chdia_j0.jpg,Chaetodon dialeucos,fishbase,23.57,30.17,6.6,63067,5145
Chaetodon_dialeucos_Bishop_1297085044.jpg,Chaetodon dialeucos,bishop,34.69,30.17,-4.52,237206,30830
Chaetodon_dialeucos_FishBase_Chdia_u0.jpg,Chaetodon dialeucos,fishbase,34.93,30.17,-4.76,133237,20043
Chaetodon_dialeucos_FishBase_Chdia_u1.jpg,Chaetodon dialeucos,fishbase,27.49,30.17,2.68,61584,2628
Chaetodon_dolosus_FishBase_Chdol_u0.jpg,Chaetodon dolosus,fishbase,60.08,57.73,-2.36,124060,20164
Chaetodon_dolosus_Bishop_-1008609691.jpg,Chaetodon dolosus,bishop,56.79,57.73,0.94,256813,668
Chaetodon_dolosus_FishBase_Chdol_u1.jpg,Chaetodon dolosus,fishbase,57.05,57.73,0.68,144216,737
Chaetodon_dolosus_FishBase_Chdol_u3.jpg,Chaetodon dolosus,fishbase,56.99,57.73,0.74,102150,226
Chaetodon_ephippium_FishPix_141659AF.jpg,Chaetodon ephippium,fishpix,55.87,61.11,5.24,123469,31
Chaetodon_ephippium_Bishop_-1179871461.jpg,Chaetodon ephippium,bishop,65.68,61.11,-4.57,248983,32526
Chaetodon_ephippium_Bishop_-1248760382.jpg,Chaetodon ephippium,bishop,55.01,61.11,6.1,249745,9421
Chaetodon_ephippium_FishBase_Cheph_u0.jpg,Chaetodon ephippium,fishbase,53.26,61.11,7.85,117055,6335
Chaetodon_ephippium_FishBase_Cheph_u3.jpg,Chaetodon ephippium,fishbase,66.33,61.11,-5.22,149935,20454
Chaetodon_ephippium_FishBase_Cheph_u5.jpg,Chaetodon ephippium,fishbase,55.54,61.11,5.57,155496,7384
Chaetodon_ephippium_FishBase_Cheph_u8.jpg,Chaetodon ephippium,fishbase,66.25,61.11,-5.14,81508,10142
Chaetodon_ephippium_FishBase_Cheph_uc.jpg,Chaetodon ephippium,fishbase,49.89,61.11,11.22,40481,2335
Chaetodon_ephippium_FishBase_Cheph_ud.jpg,Chaetodon ephippium,fishbase,67.41,61.11,-6.3,103021,14042
Chaetodon_ephippium_FishBase_Cheph_ue.jpg,Chaetodon ephippium,fishbase,64.9,61.11,-3.79,102716,1757
Chaetodon_ephippium_FishBase_Cheph_uf.jpg,Chaetodon ephippium,fishbase,72.08,61.11,-10.97,93839,2865
Chaetodon_excelsa_Bishop_853070272.jpg,Chaetodon excelsa,bishop,47.08,47.08,0.0,163587,0
Chaetodon_falcula_FishPix_22173AF.jpg,Chaetodon falcula,fishpix,63.54,66.35,2.81,130339,9568
Chaetodon_falcula_Bishop_1821335233.jpg,Chaetodon falcula,bishop,62.83,66.35,3.52,233563,6273
Chaetodon_falcula_FishBase_Chfal_u0.jpg,Chaetodon falcula,fishbase,61.08,66.35,5.27,119378,8501
Chaetodon_falcula_FishBase_Chfal_u1.jpg,Chaetodon falcula,fishbase,63.2,66.35,3.15,131435,6079
Chaetodon_falcula_FishBase_Chfal_u4.jpg,Chaetodon falcula,fishbase,51.88,66.35,14.47,70177,6731
Chaetodon_falcula_FishBase_Chfal_u5.jpg,Chaetodon falcula,fishbase,77.65,66.35,-11.29,108983,12583
Chaetodon_falcula_FishBase_Chfal_u7.jpg,Chaetodon falcula,fishbase,75.86,66.35,-9.51,95478,1928
Chaetodon_falcula_FishBase_Chfal_u8.jpg,Chaetodon falcula,fishbase,74.77,66.35,-8.42,122576,9698
Chaetodon_fasciatus_FishPix_32789AF.jpg,Chaetodon fasciatus,fishpix,45.58,48.45,2.87,117062,870
Chaetodon_fasciatus_Bishop_-1886056978.jpg,Chaetodon fasciatus,bishop,46.63,48.45,1.82,245647,2025
Chaetodon_fasciatus_Bishop_2100774615.jpg,Chaetodon fasciatus,bishop,46.91,48.45,1.54,243323,1553
Chaetodon_fasciatus_FishBase_Chfas_u0.jpg,Chaetodon fasciatus,fishbase,46.7,48.45,1.75,187949,126
Chaetodon_fasciatus_FishBase_Chfas_u1.jpg,Chaetodon fasciatus,fishbase,47.26,48.45,1.2,136424,1170
Chaetodon_fasciatus_FishBase_Chfas_u6.jpg,Chaetodon fasciatus,fishbase,46.97,48.45,1.48,138071,1139
Chaetodon_fasciatus_FishBase_Chfas_uh.jpg,Chaetodon fasciatus,fishbase,51.95,48.45,-3.5,103574,7195
Chaetodon_fasciatus_FishBase_Chfas_up.jpg,Chaetodon fasciatus,fishbase,55.6,48.45,-7.15,131754,10787
Chaetodon_flavirostris_FishPix_32909AF.jpg,Chaetodon flavirostris,fishpix,28.01,32.83,4.83,89789,215
Chaetodon_flavirostris_Bishop_1864146380.jpg,Chaetodon flavirostris,bishop,34.17,32.83,-1.34,225256,3719
Chaetodon_flavirostris_FishBase_Chfla_u1.jpg,Chaetodon flavirostris,fishbase,27.36,32.83,5.47,155076,749
Chaetodon_flavirostris_FishBase_Chfla_u3.jpg,Chaetodon flavirostris,fishbase,34.4,32.83,-1.57,126472,3625
Chaetodon_flavirostris_FishBase_Chfla_us.jpg,Chaetodon flavirostris,fishbase,40.23,32.83,-7.39,102650,729
Chaetodon_flavocoronatus_FishBase_Chfla_u4.jpg,Chaetodon flavocoronatus,fishbase,54.29,51.56,-2.73,108084,468
Chaetodon_flavocoronatus_Bishop_-1261632291.jpg,Chaetodon flavocoronatus,bishop,48.76,51.56,2.79,202500,4835
Chaetodon_flavocoronatus_Bishop_-1599575846.jpg,Chaetodon flavocoronatus,bishop,53.92,51.56,-2.37,192885,569
Chaetodon_flavocoronatus_FishBase_Chfla_u5.jpg,Chaetodon flavocoronatus,fishbase,49.25,51.56,2.31,113214,3287
Chaetodon_fremblii_FishPix_85090AF.jpg,Chaetodon fremblii,fishpix,70.8,68.75,-2.04,98512,3806
Chaetodon_fremblii_Bishop_5130835.jpg,Chaetodon fremblii,bishop,69.86,68.75,-1.11,235535,3701
Chaetodon_fremblii_FishBase_Chfre_j0.jpg,Chaetodon fremblii,fishbase,76.94,68.75,-8.19,88468,3169
Chaetodon_fremblii_FishBase_Chfre_u0.jpg,Chaetodon fremblii,fishbase,73.09,68.75,-4.34,92383,990
Chaetodon_fremblii_FishBase_Chfre_u1.jpg,Chaetodon fremblii,fishbase,70.51,68.75,-1.76,131887,2623
Chaetodon_fremblii_FishBase_Chfre_u3.jpg,Chaetodon fremblii,fishbase,65.02,68.75,3.74,97234,709
Chaetodon_fremblii_FishBase_Chfre_u4.jpg,Chaetodon fremblii,fishbase,55.05,68.75,13.7,97091,1851
Chaetodon_gardineri_FishBase_Chgar_u1.jpg,Chaetodon gardineri,fishbase,48.09,52.21,4.12,150512,4383
Chaetodon_gardineri_Bishop_-1706450280.jpg,Chaetodon gardineri,bishop,47.6,52.21,4.61,248515,5131
Chaetodon_gardineri_FishBase_Chgar_u0.jpg,Chaetodon gardineri,fishbase,45.04,52.21,7.17,125206,0
Chaetodon_gardineri_FishBase_Chgar_u2.jpg,Chaetodon gardineri,fishbase,70.86,52.21,-18.64,90583,14478
Chaetodon_gardineri_FishBase_Chgar_u3.jpg,Chaetodon gardineri,fishbase,49.46,52.21,2.75,119473,1362
Chaetodon_guentheri_FishPix_16011AF.jpg,Chaetodon guentheri,fishpix,52.88,57.72,4.85,102323,65
Chaetodon_guentheri_Bishop_-184146759.jpg,Chaetodon guentheri,bishop,61.3,57.72,-3.58,226327,5944
Chaetodon_guentheri_FishBase_Chgue_u1.jpg,Chaetodon guentheri,fishbase,61.94,57.72,-4.21,126854,3935
Chaetodon_guentheri_FishBase_Chgue_u2.jpg,Chaetodon guentheri,fishbase,43.41,57.72,14.31,69204,6625
Chaetodon_guentheri_FishBase_Chgue_ua.jpg,Chaetodon guentheri,fishbase,69.08,57.72,-11.36,106520,1080
Chaetodon_guttatissimus_FishBase_Chgut_u0.jpg,Chaetodon guttatissimus,fishbase,59.6,59.64,0.04,135130,208
Chaetodon_guttatissimus_Bishop_-1623433841.jpg,Chaetodon guttatissimus,bishop,59.08,59.64,0.56,241091,1161
Chaetodon_guttatissimus_Bishop_-397235578.jpg,Chaetodon guttatissimus,bishop,52.92,59.64,6.72,233801,15976
Chaetodon_guttatissimus_FishBase_Chgut_u1.jpg,Chaetodon guttatissimus,fishbase,53.16,59.64,6.48,132425,10954
Chaetodon_guttatissimus_FishBase_Chgut_u2.jpg,Chaetodon guttatissimus,fishbase,71.53,59.64,-11.89,89110,2383
Chaetodon_guttatissimus_FishBase_Chgut_u3.jpg,Chaetodon guttatissimus,fishbase,61.56,59.64,-1.91,118370,1356
Chaetodon_hoefleri_FishBase_Chhoe_u1.jpg,Chaetodon hoefleri,fishbase,56.19,57.19,1.0,103674,282
Chaetodon_hoefleri_FishBase_Chhoe_u0.jpg,Chaetodon hoefleri,fishbase,44.19,57.19,13.0,108272,613
Chaetodon_hoefleri_FishBase_Chhoe_u2.jpg,Chaetodon hoefleri,fishbase,71.19,57.19,-14.0,60479,93
Chaetodon_humeralis_FishBase_Chhum_u3.jpg,Chaetodon humeralis,fishbase,56.88,46.32,-10.56,132640,16513
Chaetodon_humeralis_FishBase_Chhum_u0.jpg,Chaetodon humeralis,fishbase,37.35,46.32,8.97,102268,3254
Chaetodon_humeralis_FishBase_Chhum_u1.jpg,Chaetodon humeralis,fishbase,38.08,46.32,8.25,42560,881
Chaetodon_humeralis_FishBase_Chhum_u2.jpg,Chaetodon humeralis,fishbase,32.33,46.32,13.99,109490,1663
Chaetodon_humeralis_FishBase_Chhum_u4.jpg,Chaetodon humeralis,fishbase,66.98,46.32,-20.66,64781,920
Chaetodon_interruptus_FishBase_Chuni_uh.jpg,Chaetodon interruptus,fishbase,78.14,63.58,-14.56,100662,6700
Chaetodon_interruptus_FishBase_Chint_u5.jpg,Chaetodon interruptus,fishbase,56.5,63.58,7.08,81233,15
Chaetodon_interruptus_FishBase_Chint_u7.jpg,Chaetodon interruptus,fishbase,53.55,63.58,10.04,123078,3213
Chaetodon_interruptus_FishBase_Chuni_u2.jpg,Chaetodon interruptus,fishbase,57.02,63.58,6.56,129937,174
Chaetodon_interruptus_FishBase_Chuni_u3.jpg,Chaetodon interruptus,fishbase,72.69,63.58,-9.11,114563,4145
Chaetodon_kleinii_FishPix_10587AF.jpg,Chaetodon kleinii,fishpix,46.1,60.44,14.34,128310,837
Chaetodon_kleinii_Bishop_-1577854379.jpg,Chaetodon kleinii,bishop,68.06,60.44,-7.62,244862,8624
Chaetodon_kleinii_Bishop_308997156.jpg,Chaetodon kleinii,bishop,67.45,60.44,-7.01,228903,3458
Chaetodon_kleinii_Bishop_977649394.jpg,Chaetodon kleinii,bishop,54.7,60.44,5.74,244463,8072
Chaetodon_kleinii_FishBase_Chkle_u0.jpg,Chaetodon kleinii,fishbase,55.37,60.44,5.07,130704,933
Chaetodon_kleinii_FishBase_Chkle_u1.jpg,Chaetodon kleinii,fishbase,68.64,60.44,-8.2,137210,5087
Chaetodon_kleinii_FishBase_Chkle_u2.jpg,Chaetodon kleinii,fishbase,67.99,60.44,-7.55,128302,2612
Chaetodon_kleinii_FishBase_Chkle_u3.jpg,Chaetodon kleinii,fishbase,61.06,60.44,-0.62,114470,684
Chaetodon_kleinii_FishBase_Chkle_u4.jpg,Chaetodon kleinii,fishbase,55.32,60.44,5.12,136506,4952
Chaetodon_kleinii_FishBase_Chkle_u5.jpg,Chaetodon kleinii,fishbase,57.31,60.44,3.13,96416,512
Chaetodon_kleinii_FishBase_Chkle_u6.jpg,Chaetodon kleinii,fishbase,70.69,60.44,-10.25,116826,659
Chaetodon_kleinii_FishBase_Chkle_u8.jpg,Chaetodon kleinii,fishbase,61.68,60.44,-1.24,53138,9
Chaetodon_kleinii_FishBase_Chkle_u9.jpg,Chaetodon kleinii,fishbase,53.58,60.44,6.86,132543,3280
Chaetodon_kleinii_FishBase_Chkle_ua.jpg,Chaetodon kleinii,fishbase,58.18,60.44,2.25,116997,2718
Chaetodon_larvatus_FishPix_85092AF.jpg,Chaetodon larvatus,fishpix,67.64,54.01,-13.63,99390,16541
Chaetodon_larvatus_Bishop_1783626891.jpg,Chaetodon larvatus,bishop,38.58,54.01,15.43,213395,2667
Chaetodon_larvatus_FishBase_Chlar_u0.jpg,Chaetodon larvatus,fishbase,60.56,54.01,-6.55,115890,17319
Chaetodon_larvatus_FishBase_Chlar_u1.jpg,Chaetodon larvatus,fishbase,38.94,54.01,15.07,120249,3294
Chaetodon_larvatus_FishBase_Chlar_u2.jpg,Chaetodon larvatus,fishbase,50.37,54.01,3.64,122751,4490
Chaetodon_larvatus_FishBase_Chlar_u3.jpg,Chaetodon larvatus,fishbase,67.97,54.01,-13.96,98491,16197
Chaetodon_leucopleura_FishBase_Chleu_u5.jpg,Chaetodon leucopleura,fishbase,52.68,54.26,1.59,119849,4762
Chaetodon_leucopleura_Bishop_951338608.jpg,Chaetodon leucopleura,bishop,52.03,54.26,2.23,213577,8677
Chaetodon_leucopleura_FishBase_Chleu_ub.jpg,Chaetodon leucopleura,fishbase,47.35,54.26,6.92,71831,7530
Chaetodon_leucopleura_FishBase_Chleu_ud.jpg,Chaetodon leucopleura,fishbase,65.0,54.26,-10.74,113073,7804
Chaetodon_lineolatus_FishPix_140792AF.jpg,Chaetodon lineolatus,fishpix,56.6,57.97,1.37,111522,0
Chaetodon_lineolatus_Bishop_-879271097.jpg,Chaetodon lineolatus,bishop,56.12,57.97,1.85,267265,3213
Chaetodon_lineolatus_Bishop_1526268337.jpg,Chaetodon lineolatus,bishop,66.83,57.97,-8.86,271115,15272
Chaetodon_lineolatus_Bishop_1821004318.jpg,Chaetodon lineolatus,bishop,45.93,57.97,12.04,249168,21482
Chaetodon_lineolatus_FishBase_Chlin_j0.jpg,Chaetodon lineolatus,fishbase,52.71,57.97,5.26,40431,182
Chaetodon_lineolatus_FishBase_Chlin_u2.jpg,Chaetodon lineolatus,fishbase,67.34,57.97,-9.37,152125,9080
Chaetodon_lineolatus_FishBase_Chlin_u3.jpg,Chaetodon lineolatus,fishbase,71.43,57.97,-13.46,93988,14798
Chaetodon_lineolatus_FishBase_Chlin_u5.jpg,Chaetodon lineolatus,fishbase,46.66,57.97,11.31,139791,12851
Chaetodon_lineolatus_FishBase_Chlin_u6.jpg,Chaetodon lineolatus,fishbase,56.63,57.97,1.34,163696,2193
Chaetodon_lineolatus_FishBase_Chlin_u7.jpg,Chaetodon lineolatus,fishbase,56.75,57.97,1.22,49980,0
Chaetodon_lineolatus_FishBase_Chlin_uk.jpg,Chaetodon lineolatus,fishbase,63.27,57.97,-5.3,34110,423
Chaetodon_lineolatus_FishBase_Chlin_ul.jpg,Chaetodon lineolatus,fishbase,55.37,57.97,2.6,92013,237
Chaetodon_litus_FishBase_Chlit_u0.jpg,Chaetodon litus,fishbase,35.4,37.07,1.67,130243,2460
Chaetodon_litus_Bishop_1983788749.jpg,Chaetodon litus,bishop,35.35,37.07,1.72,232270,3088
Chaetodon_litus_FishBase_Chlit_j0.jpg,Chaetodon litus,fishbase,40.46,37.07,-3.39,94850,10923
Chaetodon_lunula_FishPix_11643AF.jpg,Chaetodon lunula,fishpix,57.5,50.56,-6.94,151425,144
Chaetodon_lunula_Bishop_-530805309.jpg,Chaetodon lunula,bishop,42.3,50.56,8.27,236584,4489
Chaetodon_lunula_Bishop_1720571305.jpg,Chaetodon lunula,bishop,59.57,50.56,-9.01,212423,8705
Chaetodon_lunula_Bishop_2036473160.jpg,Chaetodon lunula,bishop,47.51,50.56,3.05,225697,2290
Chaetodon_lunula_Bishop_543936522.jpg,Chaetodon lunula,bishop,66.62,50.56,-16.06,232218,7373
Chaetodon_lunula_FishBase_Chlun_j0.jpg,Chaetodon lunula,fishbase,59.63,50.56,-9.07,117602,5418
Chaetodon_lunula_FishBase_Chlun_j1.jpg,Chaetodon lunula,fishbase,43.57,50.56,6.99,34194,711
Chaetodon_lunula_FishBase_Chlun_u0.jpg,Chaetodon lunula,fishbase,45.54,50.56,5.02,125639,4630
Chaetodon_lunula_FishBase_Chlun_u6.jpg,Chaetodon lunula,fishbase,67.27,50.56,-16.71,129711,4476
Chaetodon_lunula_FishBase_Chlun_u7.jpg,Chaetodon lunula,fishbase,42.76,50.56,7.8,132697,2613
Chaetodon_lunula_FishBase_Chlun_u8.jpg,Chaetodon lunula,fishbase,48.26,50.56,2.3,125865,1290
Chaetodon_lunula_FishBase_Chlun_uf.jpg,Chaetodon lunula,fishbase,44.78,50.56,5.78,80626,4024
Chaetodon_lunula_FishBase_Chlun_un.jpg,Chaetodon lunula,fishbase,40.27,50.56,10.29,37382,1349
Chaetodon_lunula_FishBase_Chlun_up.jpg,Chaetodon lunula,fishbase,42.28,50.56,8.28,102032,243
Chaetodon_lunulatus_FishPix_140704AF.jpg,Chaetodon lunulatus,fishpix,42.59,61.15,18.55,140938,1
Chaetodon_lunulatus_Bishop_1113667583.jpg,Chaetodon lunulatus,bishop,53.35,61.15,7.8,232663,25
Chaetodon_lunulatus_Bishop_1378116790.jpg,Chaetodon lunulatus,bishop,49.06,61.15,12.09,276005,4
Chaetodon_lunulatus_FishBase_Chlun_j4.jpg,Chaetodon lunulatus,fishbase,73.05,61.15,-11.9,70179,1460
Chaetodon_lunulatus_FishBase_Chlun_ua.jpg,Chaetodon lunulatus,fishbase,68.4,61.15,-7.25,137581,826
Chaetodon_lunulatus_FishBase_Chlun_ub.jpg,Chaetodon lunulatus,fishbase,53.7,61.15,7.45,130480,417
Chaetodon_lunulatus_FishBase_Chlun_uc.jpg,Chaetodon lunulatus,fishbase,49.29,61.15,11.86,155159,301
Chaetodon_lunulatus_FishBase_Chlun_uh.jpg,Chaetodon lunulatus,fishbase,56.07,61.15,5.08,92602,257
Chaetodon_lunulatus_FishBase_Chlun_ui.jpg,Chaetodon lunulatus,fishbase,57.17,61.15,3.98,160499,587
Chaetodon_lunulatus_FishBase_Chlun_uj.jpg,Chaetodon lunulatus,fishbase,71.69,61.15,-10.54,20056,585
Chaetodon_lunulatus_FishBase_Chlun_uk.jpg,Chaetodon lunulatus,fishbase,78.34,61.15,-17.19,80403,935
Chaetodon_lunulatus_FishBase_Chlun_ul.jpg,Chaetodon lunulatus,fishbase,77.99,61.15,-16.84,90612,486
Chaetodon_lunulatus_FishBase_Chlun_uo.jpg,Chaetodon lunulatus,fishbase,64.23,61.15,-3.08,33023,275
Chaetodon_madagaskariensis_FishBase_Chmad_u1.jpg,Chaetodon madagaskariensis,fishbase,77.0,70.84,-6.17,134549,3346
Chaetodon_madagaskariensis_Bishop_1210446292.jpg,Chaetodon madagaskariensis,bishop,76.38,70.84,-5.55,239845,4942
Chaetodon_madagaskariensis_FishBase_Chmad_u0.jpg,Chaetodon madagaskariensis,fishbase,72.87,70.84,-2.04,118048,1146
Chaetodon_madagaskariensis_FishBase_Chmer_u5.jpg,Chaetodon madagaskariensis,fishbase,50.52,70.84,20.31,134876,27402
Chaetodon_madagaskariensis_FishBase_Chmer_u8.jpg,Chaetodon madagaskariensis,fishbase,77.4,70.84,-6.56,85956,480
Chaetodon_marleyi_FishBase_Chmar_ua.jpg,Chaetodon marleyi,fishbase,52.74,53.08,0.34,124500,578
Chaetodon_marleyi_Bishop_384825925.jpg,Chaetodon marleyi,bishop,52.42,53.08,0.65,221173,894
Chaetodon_marleyi_FishBase_Chmar_ub.jpg,Chaetodon marleyi,fishbase,54.07,53.08,-0.99,131539,1891
Chaetodon_melannotus_FishPix_17334AF.jpg,Chaetodon melannotus,fishpix,64.41,56.12,-8.29,145968,871
Chaetodon_melannotus_Bishop_-1126507013.jpg,Chaetodon melannotus,bishop,53.19,56.12,2.93,210533,13199
Chaetodon_melannotus_Bishop_-1381464288.jpg,Chaetodon melannotus,bishop,48.33,56.12,7.79,229264,6408
Chaetodon_melannotus_Bishop_-1689715678.jpg,Chaetodon melannotus,bishop,56.69,56.12,-0.57,227007,3238
Chaetodon_melannotus_Bishop_403079329.jpg,Chaetodon melannotus,bishop,66.15,56.12,-10.04,256451,7953
Chaetodon_melannotus_FishBase_Chmel_j0.jpg,Chaetodon melannotus,fishbase,43.06,56.12,13.06,49024,2183
Chaetodon_melannotus_FishBase_Chmel_u4.jpg,Chaetodon melannotus,fishbase,66.57,56.12,-10.45,144314,5572
Chaetodon_melannotus_FishBase_Chmel_u6.jpg,Chaetodon melannotus,fishbase,57.28,56.12,-1.16,127092,2443
Chaetodon_melannotus_FishBase_Chmel_u7.jpg,Chaetodon melannotus,fishbase,54.0,56.12,2.12,117356,8253
Chaetodon_melannotus_FishBase_Chmel_u8.jpg,Chaetodon melannotus,fishbase,48.7,56.12,7.41,129135,4156
Chaetodon_melannotus_FishBase_Chmel_uc.jpg,Chaetodon melannotus,fishbase,54.57,56.12,1.55,59810,136
Chaetodon_melannotus_FishBase_Chmel_uh.jpg,Chaetodon melannotus,fishbase,66.7,56.12,-10.58,129379,630
Chaetodon_melannotus_FishBase_Chmel_us.jpg,Chaetodon melannotus,fishbase,54.77,56.12,1.35,147391,4
Chaetodon_melannotus_FishBase_Chmel_ut.jpg,Chaetodon melannotus,fishbase,51.23,56.12,4.89,64555,243
Chaetodon_melapterus_FishBase_Chmel_u0.jpg,Chaetodon melapterus,fishbase,62.72,49.59,-13.13,98746,5612
Chaetodon_melapterus_Bishop_-738901426.jpg,Chaetodon melapterus,bishop,46.69,49.59,2.9,258907,8
Chaetodon_melapterus_Bishop_690928567.jpg,Chaetodon melapterus,bishop,34.88,49.59,14.7,261732,943
Chaetodon_melapterus_FishBase_Chmel_u2.jpg,Chaetodon melapterus,fishbase,63.23,49.59,-13.64,128994,219
Chaetodon_melapterus_FishBase_Chmel_u9.jpg,Chaetodon melapterus,fishbase,35.2,49.59,14.38,151338,701
Chaetodon_melapterus_FishBase_Chmel_ua.jpg,Chaetodon melapterus,fishbase,47.23,49.59,2.36,146023,193
Chaetodon_melapterus_FishBase_Chmel_ug.jpg,Chaetodon melapterus,fishbase,57.15,49.59,-7.56,66715,15740
Chaetodon_mertensii_FishPix_140027AF.jpg,Chaetodon mertensii,fishpix,60.64,58.78,-1.86,91491,0
Chaetodon_mertensii_Bishop_-727881428.jpg,Chaetodon mertensii,bishop,50.04,58.78,8.75,239647,24779
Chaetodon_mertensii_Bishop_1869466931.jpg,Chaetodon mertensii,bishop,59.06,58.78,-0.28,229306,3658
Chaetodon_mertensii_Bishop_2125964090.jpg,Chaetodon mertensii,bishop,50.47,58.78,8.31,232675,11550
Chaetodon_mertensii_Bishop_992543933.jpg,Chaetodon mertensii,bishop,56.15,58.78,2.63,242306,3252
Chaetodon_mertensii_FishBase_Chmer_u0.jpg,Chaetodon mertensii,fishbase,74.79,58.78,-16.01,109982,3729
Chaetodon_mertensii_FishBase_Chmer_u2.jpg,Chaetodon mertensii,fishbase,59.23,58.78,-0.45,129919,395
Chaetodon_mertensii_FishBase_Chmer_u3.jpg,Chaetodon mertensii,fishbase,50.86,58.78,7.92,130527,7288
Chaetodon_mertensii_FishBase_Chmer_u4.jpg,Chaetodon mertensii,fishbase,56.51,58.78,2.27,136055,2530
Chaetodon_mertensii_FishBase_Chmer_u7.jpg,Chaetodon mertensii,fishbase,70.07,58.78,-11.29,58216,1382
Chaetodon_mesoleucos_FishPix_141316AF.jpg,Chaetodon mesoleucos,fishpix,35.22,40.44,5.23,47618,398
Chaetodon_mesoleucos_Bishop_-899095560.jpg,Chaetodon mesoleucos,bishop,30.43,40.44,10.01,245786,3322
Chaetodon_mesoleucos_FishBase_Chmes_u0.jpg,Chaetodon mesoleucos,fishbase,31.08,40.44,9.37,137800,2635
Chaetodon_mesoleucos_FishBase_Chmes_u5.jpg,Chaetodon mesoleucos,fishbase,50.52,40.44,-10.07,130200,5251
Chaetodon_mesoleucos_FishBase_Chmes_u7.jpg,Chaetodon mesoleucos,fishbase,43.63,40.44,-3.19,123540,5671
Chaetodon_mesoleucos_FishBase_Chmes_ub.jpg,Chaetodon mesoleucos,fishbase,44.88,40.44,-4.44,128033,8420
Chaetodon_mesoleucos_FishBase_Chmes_uc.jpg,Chaetodon mesoleucos,fishbase,47.35,40.44,-6.91,152205,15897
Chaetodon_meyeri_FishPix_15990AF.jpg,Chaetodon meyeri,fishpix,55.43,59.91,4.48,126337,0
Chaetodon_meyeri_Bishop_-146742631.jpg,Chaetodon meyeri,bishop,59.3,59.91,0.6,236608,109
Chaetodon_meyeri_FishBase_Chmey_j0.jpg,Chaetodon meyeri,fishbase,55.91,59.91,4.0,155453,10560
Chaetodon_meyeri_FishBase_Chmey_u0.jpg,Chaetodon meyeri,fishbase,59.82,59.91,0.09,132840,75
Chaetodon_meyeri_FishBase_Chmey_u2.jpg,Chaetodon meyeri,fishbase,64.59,59.91,-4.68,66782,694
Chaetodon_meyeri_FishBase_Chmey_u3.jpg,Chaetodon meyeri,fishbase,64.4,59.91,-4.49,105619,622
Chaetodon_miliaris_FishBase_Chmil_u0.jpg,Chaetodon miliaris,fishbase,65.84,68.73,2.89,94584,672
Chaetodon_miliaris_Bishop_1720766063.jpg,Chaetodon miliaris,bishop,76.43,68.73,-7.7,246852,4064
Chaetodon_miliaris_Bishop_725437158.jpg,Chaetodon miliaris,bishop,71.08,68.73,-2.35,240561,14381
Chaetodon_miliaris_FishBase_Chmil_u1.jpg,Chaetodon miliaris,fishbase,76.96,68.73,-8.23,138278,2667
Chaetodon_miliaris_FishBase_Chmil_u2.jpg,Chaetodon miliaris,fishbase,71.55,68.73,-2.82,143501,8534
Chaetodon_miliaris_FishBase_Chmil_u3.jpg,Chaetodon miliaris,fishbase,74.44,68.73,-5.71,66675,780
Chaetodon_miliaris_FishBase_Chmil_u5.jpg,Chaetodon miliaris,fishbase,44.82,68.73,23.91,98623,7048
Chaetodon_mitratus_FishPix_85097AF.jpg,Chaetodon mitratus,fishpix,61.23,49.26,-11.96,111575,20748
Chaetodon_mitratus_Bishop_-777256060.jpg,Chaetodon mitratus,bishop,44.85,49.26,4.41,195147,3899
Chaetodon_mitratus_FishBase_Chmit_u0.jpg,Chaetodon mitratus,fishbase,43.26,49.26,6.0,94314,7510
Chaetodon_mitratus_FishBase_Chmit_u1.jpg,Chaetodon mitratus,fishbase,45.19,49.26,4.07,109491,3390
Chaetodon_mitratus_FishBase_Chmit_u2.jpg,Chaetodon mitratus,fishbase,61.64,49.26,-12.38,110235,21249
Chaetodon_mitratus_FishBase_Chmit_u3.jpg,Chaetodon mitratus,fishbase,50.87,49.26,-1.61,31554,4747
Chaetodon_mitratus_FishBase_Chmit_u4.jpg,Chaetodon mitratus,fishbase,37.78,49.26,11.48,108778,5763
Chaetodon_modestus_FishPix_11839AF.jpg,Chaetodon modestus,fishpix,58.53,53.69,-4.84,176409,1465
Chaetodon_modestus_Bishop_316109402.jpg,Chaetodon modestus,bishop,48.85,53.69,4.84,170724,5360
Chaetodon_multicinctus_FishPix_76102AF.jpg,Chaetodon multicinctus,fishpix,56.47,65.32,8.85,77675,1
Chaetodon_multicinctus_Bishop_-1145166510.jpg,Chaetodon multicinctus,bishop,60.85,65.32,4.47,241970,11116
Chaetodon_multicinctus_Bishop_-1285212619.jpg,Chaetodon multicinctus,bishop,66.02,65.32,-0.7,251629,3716
Chaetodon_multicinctus_FishBase_Chmul_u2.jpg,Chaetodon multicinctus,fishbase,61.33,65.32,3.99,135510,8615
Chaetodon_multicinctus_FishBase_Chmul_u3.jpg,Chaetodon multicinctus,fishbase,66.51,65.32,-1.19,140915,2450
Chaetodon_multicinctus_FishBase_Chmul_u7.jpg,Chaetodon multicinctus,fishbase,80.74,65.32,-15.42,73877,3268
Chaetodon_nigropunctatus_FishBase_Chnig_u0.jpg,Chaetodon nigropunctatus,fishbase,32.41,33.4,0.99,118851,810
Chaetodon_nigropunctatus_Bishop_1435538384.jpg,Chaetodon nigropunctatus,bishop,23.93,33.4,9.47,257551,5405
Chaetodon_nigropunctatus_Bishop_276052843.jpg,Chaetodon nigropunctatus,bishop,32.34,33.4,1.06,251607,2489
Chaetodon_nigropunctatus_FishBase_Chnig_u1.jpg,Chaetodon nigropunctatus,fishbase,55.06,33.4,-21.66,105493,171
Chaetodon_nigropunctatus_FishBase_Chnig_u2.jpg,Chaetodon nigropunctatus,fishbase,24.14,33.4,9.26,144457,3623
Chaetodon_nigropunctatus_FishBase_Chnig_u4.jpg,Chaetodon nigropunctatus,fishbase,32.52,33.4,0.88,141188,2229
Chaetodon_nippon_FishPix_1590AF.jpg,Chaetodon nippon,fishpix,55.27,53.97,-1.3,77741,1009
Chaetodon_nippon_Bishop_-751379567.jpg,Chaetodon nippon,bishop,47.64,53.97,6.33,209926,4211
Chaetodon_nippon_FishBase_Chnip_u0.jpg,Chaetodon nippon,fishbase,65.02,53.97,-11.05,92293,1172
Chaetodon_nippon_FishBase_Chnip_u1.jpg,Chaetodon nippon,fishbase,47.95,53.97,6.02,117839,3529
Chaetodon_ocellatus_FishPix_22181AF.jpg,Chaetodon ocellatus,fishpix,67.54,72.74,5.2,155309,7597
Chaetodon_ocellatus_FishBase_Choce_u5.jpg,Chaetodon ocellatus,fishbase,80.23,72.74,-7.49,13152,213
Chaetodon_ocellatus_FishBase_Choce_u8.jpg,Chaetodon ocellatus,fishbase,74.62,72.74,-1.88,36790,0
Chaetodon_ocellatus_FishBase_Choce_ub.jpg,Chaetodon ocellatus,fishbase,68.57,72.74,4.17,141356,199
Chaetodon_ocellicaudus_FishPix_5227AF.jpg,Chaetodon ocellicaudus,fishpix,52.62,59.08,6.47,113593,6
Chaetodon_ocellicaudus_Bishop_958979710.jpg,Chaetodon ocellicaudus,bishop,53.88,59.08,5.2,194247,5500
Chaetodon_ocellicaudus_FishBase_Choce_j0.jpg,Chaetodon ocellicaudus,fishbase,66.33,59.08,-7.24,66035,218
Chaetodon_ocellicaudus_FishBase_Choce_u1.jpg,Chaetodon ocellicaudus,fishbase,68.09,59.08,-9.0,124912,5591
Chaetodon_ocellicaudus_FishBase_Choce_u4.jpg,Chaetodon ocellicaudus,fishbase,54.51,59.08,4.57,108822,3795
Chaetodon_octofasciatus_FishPix_40751AF.jpg,Chaetodon octofasciatus,fishpix,73.72,52.04,-21.68,87331,4503
Chaetodon_octofasciatus_Bishop_1838436391.jpg,Chaetodon octofasciatus,bishop,48.21,52.04,3.84,192909,3447
Chaetodon_octofasciatus_FishBase_Choct_j0.jpg,Chaetodon octofasciatus,fishbase,53.74,52.04,-1.7,20679,128
Chaetodon_octofasciatus_FishBase_Choct_j1.jpg,Chaetodon octofasciatus,fishbase,55.89,52.04,-3.84,31520,1448
Chaetodon_octofasciatus_FishBase_Choct_j2.jpg,Chaetodon octofasciatus,fishbase,53.48,52.04,-1.44,68640,6078
Chaetodon_octofasciatus_FishBase_Choct_u0.jpg,Chaetodon octofasciatus,fishbase,60.39,52.04,-8.35,77596,3717
Chaetodon_octofasciatus_FishBase_Choct_u1.jpg,Chaetodon octofasciatus,fishbase,36.39,52.04,15.65,60856,5254
Chaetodon_octofasciatus_FishBase_Choct_u2.jpg,Chaetodon octofasciatus,fishbase,49.1,52.04,2.95,107507,1897
Chaetodon_octofasciatus_FishBase_Choct_u3.jpg,Chaetodon octofasciatus,fishbase,49.04,52.04,3.0,106749,191
Chaetodon_octofasciatus_FishBase_Choct_u4.jpg,Chaetodon octofasciatus,fishbase,44.53,52.04,7.51,48693,1226
Chaetodon_octofasciatus_FishBase_Choct_u5.jpg,Chaetodon octofasciatus,fishbase,55.4,52.04,-3.36,50583,2438
Chaetodon_octofasciatus_FishBase_Choct_u6.jpg,Chaetodon octofasciatus,fishbase,72.14,52.04,-20.1,92701,92
Chaetodon_octofasciatus_FishBase_Choct_u7.jpg,Chaetodon octofasciatus,fishbase,44.11,52.04,7.94,60974,1075
Chaetodon_octofasciatus_FishBase_Choct_u8.jpg,Chaetodon octofasciatus,fishbase,46.31,52.04,5.73,144278,3412
Chaetodon_octofasciatus_FishBase_Choct_u9.jpg,Chaetodon octofasciatus,fishbase,38.19,52.04,13.86,101405,5951
Chaetodon_ornatissimus_FishPix_10043AF.jpg,Chaetodon ornatissimus,fishpix,57.51,63.67,6.17,123776,0
Chaetodon_ornatissimus_Bishop_164962524.jpg,Chaetodon ornatissimus,bishop,64.48,63.67,-0.8,235008,3215
Chaetodon_ornatissimus_Bishop_553414317.jpg,Chaetodon ornatissimus,bishop,70.08,63.67,-6.41,231371,5076
Chaetodon_ornatissimus_FishBase_Chorn_u0.jpg,Chaetodon ornatissimus,fishbase,88.83,63.67,-25.16,85595,3215
Chaetodon_ornatissimus_FishBase_Chorn_u1.jpg,Chaetodon ornatissimus,fishbase,41.77,63.67,21.9,78401,4246
Chaetodon_ornatissimus_FishBase_Chorn_u2.jpg,Chaetodon ornatissimus,fishbase,70.81,63.67,-7.14,130031,2933
Chaetodon_ornatissimus_FishBase_Chorn_u3.jpg,Chaetodon ornatissimus,fishbase,65.1,63.67,-1.43,131828,2217
Chaetodon_ornatissimus_FishBase_Chorn_u5.jpg,Chaetodon ornatissimus,fishbase,72.12,63.67,-8.45,117547,3192
Chaetodon_ornatissimus_FishBase_Chorn_u7.jpg,Chaetodon ornatissimus,fishbase,54.99,63.67,8.68,119395,2997
Chaetodon_ornatissimus_FishBase_Chorn_uf.jpg,Chaetodon ornatissimus,fishbase,42.4,63.67,21.27,41646,504
Chaetodon_ornatissimus_FishBase_Chorn_uk.jpg,Chaetodon ornatissimus,fishbase,74.04,63.67,-10.37,154386,2996
Chaetodon_ornatissimus_FishBase_Chorn_um.jpg,Chaetodon ornatissimus,fishbase,61.94,63.67,1.73,137335,905
Chaetodon_oxycephalus_FishPix_22169AF.jpg,Chaetodon oxycephalus,fishpix,54.09,58.8,4.72,130148,832
Chaetodon_oxycephalus_FishBase_Choxy_u0.jpg,Chaetodon oxycephalus,fishbase,67.38,58.8,-8.57,101404,9291
Chaetodon_oxycephalus_FishBase_Choxy_ua.jpg,Chaetodon oxycephalus,fishbase,54.95,58.8,3.85,107444,13
Chaetodon_paucifasciatus_FishBase_Chpau_u0.jpg,Chaetodon paucifasciatus,fishbase,77.42,63.55,-13.87,145286,2005
Chaetodon_paucifasciatus_Bishop_-1576082838.jpg,Chaetodon paucifasciatus,bishop,64.88,63.55,-1.34,245125,3351
Chaetodon_paucifasciatus_FishBase_Chpau_u1.jpg,Chaetodon paucifasciatus,fishbase,65.5,63.55,-1.95,137259,2330
Chaetodon_paucifasciatus_FishBase_Chpau_u2.jpg,Chaetodon paucifasciatus,fishbase,58.77,63.55,4.78,100650,8767
Chaetodon_paucifasciatus_FishBase_Chpau_u3.jpg,Chaetodon paucifasciatus,fishbase,59.59,63.55,3.96,85060,2177
Chaetodon_paucifasciatus_FishBase_Chpau_u4.jpg,Chaetodon paucifasciatus,fishbase,55.12,63.55,8.42,108620,586
Chaetodon_pelewensis_FishPix_28225AF.jpg,Chaetodon pelewensis,fishpix,58.52,54.79,-3.74,139098,2800
Chaetodon_pelewensis_Bishop_-460781405.jpg,Chaetodon pelewensis,bishop,47.61,54.79,7.17,237037,3
Chaetodon_pelewensis_FishBase_Chpel_u1.jpg,Chaetodon pelewensis,fishbase,47.92,54.79,6.87,133366,333
Chaetodon_pelewensis_FishBase_Chpel_u2.jpg,Chaetodon pelewensis,fishbase,57.72,54.79,-2.94,62282,1150
Chaetodon_pelewensis_FishBase_Chpel_u3.jpg,Chaetodon pelewensis,fishbase,62.09,54.79,-7.3,55207,407
Chaetodon_pelewensis_FishBase_Chpel_u5.jpg,Chaetodon pelewensis,fishbase,54.85,54.79,-0.07,114655,293
Chaetodon_pictus_iNaturalist_173874324.jpg,Chaetodon pictus,inaturalist,65.48,65.48,0.0,148522,0
Chaetodon_plebeius_FishPix_107951AF.jpg,Chaetodon plebeius,fishpix,63.01,57.55,-5.46,153882,816
Chaetodon_plebeius_Bishop_-113106721.jpg,Chaetodon plebeius,bishop,57.38,57.55,0.17,246148,172
Chaetodon_plebeius_Bishop_-243381367.jpg,Chaetodon plebeius,bishop,58.99,57.55,-1.43,244980,9976
Chaetodon_plebeius_Bishop_-531604202.jpg,Chaetodon plebeius,bishop,60.76,57.55,-3.21,257401,0
Chaetodon_plebeius_FishBase_Chple_u0.jpg,Chaetodon plebeius,fishbase,69.13,57.55,-11.57,123847,6069
Chaetodon_plebeius_FishBase_Chple_u1.jpg,Chaetodon plebeius,fishbase,30.28,57.55,27.27,60062,2561
Chaetodon_plebeius_FishBase_Chple_u3.jpg,Chaetodon plebeius,fishbase,59.42,57.55,-1.87,137666,8120
Chaetodon_plebeius_FishBase_Chple_u4.jpg,Chaetodon plebeius,fishbase,61.04,57.55,-3.49,144732,1708
Chaetodon_plebeius_FishBase_Chple_u5.jpg,Chaetodon plebeius,fishbase,57.97,57.55,-0.42,138870,1207
Chaetodon_punctatofasciatus_FishPix_10063AF.jpg,Chaetodon punctatofasciatus,fishpix,54.72,57.08,2.36,104994,0
Chaetodon_punctatofasciatus_Bishop_1458053428.jpg,Chaetodon punctatofasciatus,bishop,56.74,57.08,0.34,217344,411
Chaetodon_punctatofasciatus_FishBase_Chpun_u0.jpg,Chaetodon punctatofasciatus,fishbase,64.25,57.08,-7.16,113499,2548
Chaetodon_punctatofasciatus_FishBase_Chpun_u1.jpg,Chaetodon punctatofasciatus,fishbase,47.52,57.08,9.57,52865,2254
Chaetodon_punctatofasciatus_FishBase_Chpun_u3.jpg,Chaetodon punctatofasciatus,fishbase,57.38,57.08,-0.3,121580,2455
Chaetodon_punctatofasciatus_FishBase_Chpun_uo.jpg,Chaetodon punctatofasciatus,fishbase,61.88,57.08,-4.8,113360,2117
Chaetodon_quadrimaculatus_FishPix_26595AF.jpg,Chaetodon quadrimaculatus,fishpix,46.82,56.74,9.92,66529,5631
Chaetodon_quadrimaculatus_FishBase_Chqua_j0.jpg,Chaetodon quadrimaculatus,fishbase,55.82,56.74,0.92,133903,2200
Chaetodon_quadrimaculatus_FishBase_Chqua_u1.jpg,Chaetodon quadrimaculatus,fishbase,65.97,56.74,-9.22,39462,249
Chaetodon_quadrimaculatus_FishBase_Chqua_u2.jpg,Chaetodon quadrimaculatus,fishbase,48.13,56.74,8.61,98467,7333
Chaetodon_quadrimaculatus_FishBase_Chqua_u5.jpg,Chaetodon quadrimaculatus,fishbase,66.21,56.74,-9.46,141463,13365
Chaetodon_quadrimaculatus_FishBase_Chqua_u6.jpg,Chaetodon quadrimaculatus,fishbase,59.9,56.74,-3.15,10089,13
Chaetodon_quadrimaculatus_FishBase_Chqua_u8.jpg,Chaetodon quadrimaculatus,fishbase,54.36,56.74,2.38,125319,30
Chaetodon_rafflesii_FishPix_10012AF.jpg,Chaetodon rafflesii,fishpix,67.54,59.22,-8.32,115616,0
Chaetodon_rafflesii_Bishop_-779601278.jpg,Chaetodon rafflesii,bishop,52.76,59.22,6.45,216519,196
Chaetodon_rafflesii_Bishop_497192485.jpg,Chaetodon rafflesii,bishop,46.68,59.22,12.53,261577,50
Chaetodon_rafflesii_FishBase_Chraf_u0.jpg,Chaetodon rafflesii,fishbase,75.52,59.22,-16.3,110808,2821
Chaetodon_rafflesii_FishBase_Chraf_u1.jpg,Chaetodon rafflesii,fishbase,57.55,59.22,1.67,71120,127
Chaetodon_rafflesii_FishBase_Chraf_u2.jpg,Chaetodon rafflesii,fishbase,46.23,59.22,12.99,151859,722
Chaetodon_rafflesii_FishBase_Chraf_u3.jpg,Chaetodon rafflesii,fishbase,53.19,59.22,6.03,122706,344
Chaetodon_rafflesii_FishBase_Chraf_u4.jpg,Chaetodon rafflesii,fishbase,74.28,59.22,-15.06,30549,2052
Chaetodon_rainfordi_FishPix_78816AF.jpg,Chaetodon rainfordi,fishpix,57.63,63.29,5.66,113904,32
Chaetodon_rainfordi_Bishop_-805104421.jpg,Chaetodon rainfordi,bishop,62.51,63.29,0.78,207016,641
Chaetodon_rainfordi_FishBase_Chrai_u0.jpg,Chaetodon rainfordi,fishbase,62.99,63.29,0.3,116480,428
Chaetodon_rainfordi_FishBase_Chrai_u1.jpg,Chaetodon rainfordi,fishbase,76.83,63.29,-13.54,72449,2372
Chaetodon_rainfordi_FishBase_Chrai_u3.jpg,Chaetodon rainfordi,fishbase,67.96,63.29,-4.67,140052,996
Chaetodon_rainfordi_FishBase_Chrai_u4.jpg,Chaetodon rainfordi,fishbase,51.21,63.29,12.08,163469,7533
Chaetodon_rainfordi_FishBase_Chrai_u5.jpg,Chaetodon rainfordi,fishbase,63.91,63.29,-0.62,117234,1233
Chaetodon_reticulatus_FishPix_107134AF.jpg,Chaetodon reticulatus,fishpix,37.88,44.69,6.81,168869,661
Chaetodon_reticulatus_Bishop_-2063111040.jpg,Chaetodon reticulatus,bishop,43.06,44.69,1.64,252409,1395
Chaetodon_reticulatus_FishBase_Chret_u1.jpg,Chaetodon reticulatus,fishbase,65.12,44.69,-20.43,102263,16709
Chaetodon_reticulatus_FishBase_Chret_u4.jpg,Chaetodon reticulatus,fishbase,44.13,44.69,0.56,142020,1714
Chaetodon_reticulatus_FishBase_Chret_ub.jpg,Chaetodon reticulatus,fishbase,42.53,44.69,2.16,122679,1574
Chaetodon_reticulatus_FishBase_Chret_ue.jpg,Chaetodon reticulatus,fishbase,35.44,44.69,9.25,157427,90
Chaetodon_robustus_FishBase_Chrob_u6.jpg,Chaetodon robustus,fishbase,71.74,62.52,-9.22,47760,555
Chaetodon_robustus_FishBase_Chrob_u5.jpg,Chaetodon robustus,fishbase,56.4,62.52,6.12,36087,1066
Chaetodon_robustus_FishBase_Chrob_u8.jpg,Chaetodon robustus,fishbase,59.42,62.52,3.1,55249,369
Chaetodon_sanctaehelenae_FishBase_Chsan_u0.jpg,Chaetodon sanctaehelenae,fishbase,73.7,63.55,-10.15,102125,2219
Chaetodon_sanctaehelenae_FishBase_Chsan_u1.jpg,Chaetodon sanctaehelenae,fishbase,61.08,63.55,2.46,44662,0
Chaetodon_sanctaehelenae_FishBase_Chsan_u2.jpg,Chaetodon sanctaehelenae,fishbase,70.74,63.55,-7.19,79260,263
Chaetodon_sanctaehelenae_FishBase_Chsan_u6.jpg,Chaetodon sanctaehelenae,fishbase,48.68,63.55,14.87,44578,161
Chaetodon_sedentarius_FishBase_Chsed_u1.jpg,Chaetodon sedentarius,fishbase,72.37,66.0,-6.37,79159,952
Chaetodon_sedentarius_FishBase_Chsed_u2.jpg,Chaetodon sedentarius,fishbase,57.29,66.0,8.71,128155,6330
Chaetodon_sedentarius_FishBase_Chsed_u5.jpg,Chaetodon sedentarius,fishbase,68.34,66.0,-2.34,92302,1823
Chaetodon_selene_FishPix_26453AF.jpg,Chaetodon selene,fishpix,60.37,60.38,0.01,127616,6
Chaetodon_selene_Bishop_-1379331455.jpg,Chaetodon selene,bishop,55.93,60.38,4.45,243971,6658
Chaetodon_selene_FishBase_Chsel_j0.jpg,Chaetodon selene,fishbase,62.02,60.38,-1.64,119055,1938
Chaetodon_selene_FishBase_Chsel_u0.jpg,Chaetodon selene,fishbase,56.0,60.38,4.38,138689,5819
Chaetodon_selene_FishBase_Chsel_u1.jpg,Chaetodon selene,fishbase,64.82,60.38,-4.44,104328,2046
Chaetodon_selene_FishBase_Chsel_u2.jpg,Chaetodon selene,fishbase,63.12,60.38,-2.75,82918,4518
Chaetodon_semeion_FishPix_38321AF.jpg,Chaetodon semeion,fishpix,72.63,62.76,-9.87,83867,571
Chaetodon_semeion_Bishop_-1205919593.jpg,Chaetodon semeion,bishop,56.8,62.76,5.96,222268,0
Chaetodon_semeion_Bishop_238560942.jpg,Chaetodon semeion,bishop,50.46,62.76,12.3,228344,2
Chaetodon_semeion_FishBase_Chsem_j0.jpg,Chaetodon semeion,fishbase,69.94,62.76,-7.18,12241,501
Chaetodon_semeion_FishBase_Chsem_j1.jpg,Chaetodon semeion,fishbase,75.12,62.76,-12.36,126436,6290
Chaetodon_semeion_FishBase_Chsem_u0.jpg,Chaetodon semeion,fishbase,50.85,62.76,11.91,152147,139
Chaetodon_semeion_FishBase_Chsem_u1.jpg,Chaetodon semeion,fishbase,56.8,62.76,5.96,119942,326
Chaetodon_semeion_FishBase_Chsem_u3.jpg,Chaetodon semeion,fishbase,57.54,62.76,5.23,150370,205
Chaetodon_semeion_FishBase_Chsem_u8.jpg,Chaetodon semeion,fishbase,74.71,62.76,-11.95,153508,8983
Chaetodon_semilarvatus_FishPix_32790AF.jpg,Chaetodon semilarvatus,fishpix,82.42,68.91,-13.51,156165,50
Chaetodon_semilarvatus_Bishop_-947886964.jpg,Chaetodon semilarvatus,bishop,61.57,68.91,7.34,257781,4
Chaetodon_semilarvatus_FishBase_Chsem_u2.jpg,Chaetodon semilarvatus,fishbase,62.4,68.91,6.51,144426,261
Chaetodon_semilarvatus_FishBase_Chsem_u4.jpg,Chaetodon semilarvatus,fishbase,73.14,68.91,-4.23,147607,680
Chaetodon_semilarvatus_FishBase_Chsem_u6.jpg,Chaetodon semilarvatus,fishbase,56.44,68.91,12.47,103869,10733
Chaetodon_semilarvatus_FishBase_Chsem_u7.jpg,Chaetodon semilarvatus,fishbase,79.48,68.91,-10.58,122098,2114
Chaetodon_semilarvatus_FishBase_Chsem_ua.jpg,Chaetodon semilarvatus,fishbase,68.49,68.91,0.42,63445,4
Chaetodon_semilarvatus_FishBase_Chsem_uc.jpg,Chaetodon semilarvatus,fishbase,67.33,68.91,1.58,131793,3
Chaetodon_smithi_FishBase_Chsmi_u1.jpg,Chaetodon smithi,fishbase,48.78,47.99,-0.78,150203,3628
Chaetodon_smithi_Bishop_-1166721005.jpg,Chaetodon smithi,bishop,48.64,47.99,-0.64,248450,824
Chaetodon_smithi_Bishop_-608924262.jpg,Chaetodon smithi,bishop,48.51,47.99,-0.51,252305,2331
Chaetodon_smithi_Bishop_-756583267.jpg,Chaetodon smithi,bishop,38.24,47.99,9.75,254048,1956
Chaetodon_smithi_FishBase_Chsmi_u0.jpg,Chaetodon smithi,fishbase,38.48,47.99,9.51,144640,1536
Chaetodon_smithi_FishBase_Chsmi_u2.jpg,Chaetodon smithi,fishbase,68.44,47.99,-20.45,43369,11687
Chaetodon_smithi_FishBase_Chsmi_u3.jpg,Chaetodon smithi,fishbase,48.86,47.99,-0.87,153096,1056
Chaetodon_smithi_FishBase_Chsmi_u5.jpg,Chaetodon smithi,fishbase,44.0,47.99,3.99,107371,8285
Chaetodon_speculum_FishPix_12080AF.jpg,Chaetodon speculum,fishpix,43.01,56.94,13.93,59028,0
Chaetodon_speculum_Bishop_65885528.jpg,Chaetodon speculum,bishop,64.7,56.94,-7.76,224409,15482
Chaetodon_speculum_FishBase_Chspe_j0.jpg,Chaetodon speculum,fishbase,53.66,56.94,3.28,16519,249
Chaetodon_speculum_FishBase_Chspe_j1.jpg,Chaetodon speculum,fishbase,41.05,56.94,15.89,73952,2300
Chaetodon_speculum_FishBase_Chspe_u0.jpg,Chaetodon speculum,fishbase,64.78,56.94,-7.84,127400,9160
Chaetodon_speculum_FishBase_Chspe_u1.jpg,Chaetodon speculum,fishbase,35.41,56.94,21.53,98037,4719
Chaetodon_speculum_FishBase_Chspe_u2.jpg,Chaetodon speculum,fishbase,73.88,56.94,-16.94,94633,1186
Chaetodon_speculum_FishBase_Chspe_u3.jpg,Chaetodon speculum,fishbase,70.37,56.94,-13.42,62036,3889
Chaetodon_speculum_FishBase_Chspe_u4.jpg,Chaetodon speculum,fishbase,47.61,56.94,9.33,115066,3813
Chaetodon_speculum_FishBase_Chspe_u5.jpg,Chaetodon speculum,fishbase,61.33,56.94,-4.39,127811,6977
Chaetodon_speculum_FishBase_Chspe_u6.jpg,Chaetodon speculum,fishbase,70.2,56.94,-13.26,63920,8475
Chaetodon_speculum_FishBase_Chspe_ua.jpg,Chaetodon speculum,fishbase,57.33,56.94,-0.39,122132,588
Chaetodon_speculum_FishBase_Chspe_ub.jpg,Chaetodon speculum,fishbase,46.56,56.94,10.38,139678,2345
Chaetodon_speculum_FishBase_Chspe_uc.jpg,Chaetodon speculum,fishbase,67.28,56.94,-10.34,129527,9677
Chaetodon_striatus_FishBase_Chstr_u0.jpg,Chaetodon striatus,fishbase,55.95,53.03,-2.92,85665,882
Chaetodon_striatus_FishBase_Chstr_ua.jpg,Chaetodon striatus,fishbase,44.18,53.03,8.84,97694,9455
Chaetodon_striatus_FishBase_Chstr_ub.jpg,Chaetodon striatus,fishbase,51.95,53.03,1.08,47939,2
Chaetodon_striatus_FishBase_Chstr_ui.jpg,Chaetodon striatus,fishbase,60.02,53.03,-6.99,131039,16914
Chaetodon_tinkeri_FishPix_85108AF.jpg,Chaetodon tinkeri,fishpix,64.69,62.03,-2.66,96184,15215
Chaetodon_tinkeri_Bishop_-1989865351.jpg,Chaetodon tinkeri,bishop,66.55,62.03,-4.52,213949,15526
Chaetodon_tinkeri_Bishop_-408146097.jpg,Chaetodon tinkeri,bishop,63.88,62.03,-1.84,192933,7924
Chaetodon_tinkeri_Bishop_1959828294.jpg,Chaetodon tinkeri,bishop,54.16,62.03,7.87,199148,24675
Chaetodon_tinkeri_FishBase_Chtin_u0.jpg,Chaetodon tinkeri,fishbase,64.64,62.03,-2.61,107961,4924
Chaetodon_tinkeri_FishBase_Chtin_u1.jpg,Chaetodon tinkeri,fishbase,67.0,62.03,-4.96,119980,11867
Chaetodon_tinkeri_FishBase_Chtin_u2.jpg,Chaetodon tinkeri,fishbase,54.99,62.03,7.05,110632,13214
Chaetodon_tinkeri_FishBase_Chtin_u3.jpg,Chaetodon tinkeri,fishbase,56.59,62.03,5.44,102451,27245
Chaetodon_tinkeri_FishBase_Chtin_u4.jpg,Chaetodon tinkeri,fishbase,66.16,62.03,-4.12,88387,16254
Chaetodon_tinkeri_FishBase_Chtin_u5.jpg,Chaetodon tinkeri,fishbase,61.67,62.03,0.36,119526,821
Chaetodon_triangulum_FishBase_Chtri_ui.jpg,Chaetodon triangulum,fishbase,46.39,46.79,0.4,75034,270
Chaetodon_triangulum_FishBase_Chtri_ub.jpg,Chaetodon triangulum,fishbase,47.18,46.79,-0.4,117070,523
Chaetodon_trichrous_FishBase_Chtri_uk.jpg,Chaetodon trichrous,fishbase,24.59,26.27,1.68,67538,5
Chaetodon_trichrous_Bishop_-192591132.jpg,Chaetodon trichrous,bishop,27.06,26.27,-0.79,241192,5577
Chaetodon_trichrous_FishBase_Chtri_ud.jpg,Chaetodon trichrous,fishbase,27.16,26.27,-0.89,135718,5736
Chaetodon_tricinctus_FishPix_55752AF.jpg,Chaetodon tricinctus,fishpix,49.26,41.43,-7.83,189952,61884
Chaetodon_tricinctus_Bishop_28770837.jpg,Chaetodon tricinctus,bishop,39.72,41.43,1.71,218412,4623
Chaetodon_tricinctus_FishBase_Chtri_u0.jpg,Chaetodon tricinctus,fishbase,36.46,41.43,4.97,116829,4870
Chaetodon_tricinctus_FishBase_Chtri_u5.jpg,Chaetodon tricinctus,fishbase,40.28,41.43,1.15,123260,4169
Chaetodon_trifascialis_FishPix_140533AF.jpg,Chaetodon trifascialis,fishpix,56.98,60.45,3.47,116770,0
Chaetodon_trifascialis_Bishop_-1790297166.jpg,Chaetodon trifascialis,bishop,53.75,60.45,6.71,256882,31209
Chaetodon_trifascialis_Bishop_-500274613.jpg,Chaetodon trifascialis,bishop,52.66,60.45,7.8,247509,15297
Chaetodon_trifascialis_FishBase_Chtri_j2.jpg,Chaetodon trifascialis,fishbase,58.7,60.45,1.75,99785,0
Chaetodon_trifascialis_FishBase_Chtri_u1.jpg,Chaetodon trifascialis,fishbase,78.77,60.45,-18.31,132775,6030
Chaetodon_trifascialis_FishBase_Chtri_u2.jpg,Chaetodon trifascialis,fishbase,73.53,60.45,-13.08,122565,1993
Chaetodon_trifascialis_FishBase_Chtri_u4.jpg,Chaetodon trifascialis,fishbase,53.88,60.45,6.58,149622,21036
Chaetodon_trifascialis_FishBase_Chtri_u6.jpg,Chaetodon trifascialis,fishbase,66.11,60.45,-5.65,137360,6189
Chaetodon_trifascialis_FishBase_Chtri_u7.jpg,Chaetodon trifascialis,fishbase,52.93,60.45,7.52,167679,12580
Chaetodon_trifascialis_FishBase_Chtri_us.jpg,Chaetodon trifascialis,fishbase,57.24,60.45,3.21,47859,1444
Chaetodon_trifasciatus_FishPix_55807AF.jpg,Chaetodon trifasciatus,fishpix,48.44,59.52,11.08,164933,8631
Chaetodon_trifasciatus_Bishop_-781709008.jpg,Chaetodon trifasciatus,bishop,55.06,59.52,4.47,248158,1410
Chaetodon_trifasciatus_FishBase_Chtri_u3.jpg,Chaetodon trifasciatus,fishbase,70.01,59.52,-10.49,91014,39
Chaetodon_trifasciatus_FishBase_Chtri_uc.jpg,Chaetodon trifasciatus,fishbase,55.54,59.52,3.99,139228,1671
Chaetodon_trifasciatus_FishBase_Chtri_ur.jpg,Chaetodon trifasciatus,fishbase,77.82,59.52,-18.29,12972,608
Chaetodon_trifasciatus_FishBase_Chtri_ut.jpg,Chaetodon trifasciatus,fishbase,75.91,59.52,-16.39,125303,212
Chaetodon_trifasciatus_FishBase_Chtri_uv.jpg,Chaetodon trifasciatus,fishbase,54.77,59.52,4.75,116554,1760
Chaetodon_trifasciatus_FishBase_Chtri_uw.jpg,Chaetodon trifasciatus,fishbase,49.94,59.52,9.58,118199,3006
Chaetodon_trifasciatus_FishBase_Chtri_ux.jpg,Chaetodon trifasciatus,fishbase,48.23,59.52,11.3,79087,903
Chaetodon_ulietensis_FishPix_26584AF.jpg,Chaetodon ulietensis,fishpix,59.85,55.72,-4.13,68052,3710
Chaetodon_ulietensis_Bishop_-1430510223.jpg,Chaetodon ulietensis,bishop,46.58,55.72,9.14,215686,8491
Chaetodon_ulietensis_Bishop_-201975074.jpg,Chaetodon ulietensis,bishop,49.81,55.72,5.91,247539,7889
Chaetodon_ulietensis_FishBase_Chuli_u0.jpg,Chaetodon ulietensis,fishbase,37.68,55.72,18.04,115559,6153
Chaetodon_ulietensis_FishBase_Chuli_u1.jpg,Chaetodon ulietensis,fishbase,50.33,55.72,5.39,139065,6043
Chaetodon_ulietensis_FishBase_Chuli_u2.jpg,Chaetodon ulietensis,fishbase,46.91,55.72,8.8,121613,5444
Chaetodon_ulietensis_FishBase_Chuli_u3.jpg,Chaetodon ulietensis,fishbase,69.58,55.72,-13.87,10050,23
Chaetodon_ulietensis_FishBase_Chuli_u5.jpg,Chaetodon ulietensis,fishbase,71.05,55.72,-15.33,46787,52
Chaetodon_ulietensis_FishBase_Chuli_u6.jpg,Chaetodon ulietensis,fishbase,55.31,55.72,0.41,33958,25
Chaetodon_ulietensis_FishBase_Chuli_u7.jpg,Chaetodon ulietensis,fishbase,70.08,55.72,-14.36,120983,9207
Chaetodon_unimaculatus_FishPix_15036AF.jpg,Chaetodon unimaculatus,fishpix,75.98,58.28,-17.69,95710,8181
Chaetodon_unimaculatus_Bishop_-2035665860.jpg,Chaetodon unimaculatus,bishop,56.26,58.28,2.03,231893,0
Chaetodon_unimaculatus_Bishop_-538563321.jpg,Chaetodon unimaculatus,bishop,60.02,58.28,-1.74,240749,6478
Chaetodon_unimaculatus_FishBase_Chuni_u1.jpg,Chaetodon unimaculatus,fishbase,60.79,58.28,-2.51,135097,7219
Chaetodon_unimaculatus_FishBase_Chuni_u4.jpg,Chaetodon unimaculatus,fishbase,67.39,58.28,-9.11,104044,7656
Chaetodon_unimaculatus_FishBase_Chuni_u5.jpg,Chaetodon unimaculatus,fishbase,35.92,58.28,22.37,88004,2727
Chaetodon_unimaculatus_FishBase_Chuni_ul.jpg,Chaetodon unimaculatus,fishbase,51.63,58.28,6.65,33644,123
Chaetodon_vagabundus_FishPix_10004AF.jpg,Chaetodon vagabundus,fishpix,49.88,54.23,4.35,132742,0
Chaetodon_vagabundus_Bishop_-2087127384.jpg,Chaetodon vagabundus,bishop,39.5,54.23,14.73,245595,17504
Chaetodon_vagabundus_Bishop_2044270221.jpg,Chaetodon vagabundus,bishop,49.91,54.23,4.32,254806,6427
Chaetodon_vagabundus_Bishop_397124810.jpg,Chaetodon vagabundus,bishop,49.98,54.23,4.25,260219,4713
Chaetodon_vagabundus_FishBase_Chvag_j0.jpg,Chaetodon vagabundus,fishbase,45.32,54.23,8.91,25314,393
Chaetodon_vagabundus_FishBase_Chvag_j1.jpg,Chaetodon vagabundus,fishbase,67.8,54.23,-13.57,77157,5146
Chaetodon_vagabundus_FishBase_Chvag_u1.jpg,Chaetodon vagabundus,fishbase,18.19,54.23,36.04,100809,3827
Chaetodon_vagabundus_FishBase_Chvag_u3.jpg,Chaetodon vagabundus,fishbase,55.98,54.23,-1.75,168692,4548
Chaetodon_vagabundus_FishBase_Chvag_u4.jpg,Chaetodon vagabundus,fishbase,64.27,54.23,-10.04,98425,10559
Chaetodon_vagabundus_FishBase_Chvag_u5.jpg,Chaetodon vagabundus,fishbase,63.71,54.23,-9.48,125816,14224
Chaetodon_vagabundus_FishBase_Chvag_u6.jpg,Chaetodon vagabundus,fishbase,58.74,54.23,-4.51,36542,1235
Chaetodon_vagabundus_FishBase_Chvag_u7.jpg,Chaetodon vagabundus,fishbase,69.65,54.23,-15.41,172626,21878
Chaetodon_vagabundus_FishBase_Chvag_u9.jpg,Chaetodon vagabundus,fishbase,72.08,54.23,-17.85,72206,4042
Chaetodon_wiebeli_FishPix_107464AF.jpg,Chaetodon wiebeli,fishpix,57.25,56.11,-1.15,168540,46
Chaetodon_wiebeli_Bishop_532247427.jpg,Chaetodon wiebeli,bishop,46.2,56.11,9.91,235888,3947
Chaetodon_wiebeli_FishBase_Chwie_j0.jpg,Chaetodon wiebeli,fishbase,71.92,56.11,-15.82,97931,9305
Chaetodon_wiebeli_FishBase_Chwie_u0.jpg,Chaetodon wiebeli,fishbase,46.09,56.11,10.02,99070,2121
Chaetodon_wiebeli_FishBase_Chwie_u1.jpg,Chaetodon wiebeli,fishbase,46.72,56.11,9.39,132341,2445
Chaetodon_wiebeli_FishBase_Chwie_u2.jpg,Chaetodon wiebeli,fishbase,50.83,56.11,5.27,74720,1933
Chaetodon_wiebeli_FishBase_Chwie_u3.jpg,Chaetodon wiebeli,fishbase,63.22,56.11,-7.11,162651,12524
Chaetodon_wiebeli_FishBase_Chwie_u4.jpg,Chaetodon wiebeli,fishbase,68.33,56.11,-12.22,85168,0
Chaetodon_wiebeli_FishBase_Chwie_u5.jpg,Chaetodon wiebeli,fishbase,56.4,56.11,-0.29,41499,287
Chaetodon_wiebeli_FishBase_Chwie_u6.jpg,Chaetodon wiebeli,fishbase,51.89,56.11,4.22,73222,1618
Chaetodon_wiebeli_FishBase_Chwie_u7.jpg,Chaetodon wiebeli,fishbase,58.34,56.11,-2.23,138960,1055
Chaetodon_xanthocephalus_FishPix_22175AF.jpg,Chaetodon xanthocephalus,fishpix,60.34,64.16,3.83,91827,4940
Chaetodon_xanthocephalus_Bishop_-1021247480.jpg,Chaetodon xanthocephalus,bishop,63.14,64.16,1.03,244676,1569
Chaetodon_xanthocephalus_FishBase_Chxan_u2.jpg,Chaetodon xanthocephalus,fishbase,69.34,64.16,-5.18,132089,8756
Chaetodon_xanthocephalus_FishBase_Chxan_u5.jpg,Chaetodon xanthocephalus,fishbase,63.68,64.16,0.48,137479,980
Chaetodon_xanthocephalus_FishBase_Chxan_uj.jpg,Chaetodon xanthocephalus,fishbase,62.53,64.16,1.63,99093,95
Chaetodon_xanthocephalus_FishBase_Chxan_um.jpg,Chaetodon xanthocephalus,fishbase,69.3,64.16,-5.14,101470,3810
Chaetodon_xanthocephalus_FishBase_Chxan_un.jpg,Chaetodon xanthocephalus,fishbase,60.82,64.16,3.35,141856,1213
Chaetodon_xanthurus_FishPix_13034AF.jpg,Chaetodon xanthurus,fishpix,52.51,55.6,3.09,108072,76
Chaetodon_xanthurus_Bishop_-858508951.jpg,Chaetodon xanthurus,bishop,58.25,55.6,-2.65,238341,4822
Chaetodon_xanthurus_FishBase_Chxan_u3.jpg,Chaetodon xanthurus,fishbase,50.2,55.6,5.4,61696,3222
Chaetodon_xanthurus_FishBase_Chxan_u6.jpg,Chaetodon xanthurus,fishbase,58.51,55.6,-2.91,134942,2838
Chaetodon_xanthurus_FishBase_Chxan_u7.jpg,Chaetodon xanthurus,fishbase,34.76,55.6,20.84,148614,194
Chaetodon_xanthurus_FishBase_Chxan_u8.jpg,Chaetodon xanthurus,fishbase,53.42,55.6,2.18,75027,57
Chaetodon_xanthurus_FishBase_Chxan_uk.jpg,Chaetodon xanthurus,fishbase,72.04,55.6,-16.44,14795,0
Chaetodon_xanthurus_FishBase_Chxan_ul.jpg,Chaetodon xanthurus,fishbase,65.1,55.6,-9.5,93907,1951
Chaetodon_zanzibarensis_FishBase_Chzan_u1.jpg,Chaetodon zanzibarensis,fishbase,79.25,66.42,-12.83,111779,2137
Chaetodon_zanzibarensis_FishBase_Chzan_u0.jpg,Chaetodon zanzibarensis,fishbase,42.11,66.42,24.32,130730,533
Chaetodon_zanzibarensis_FishBase_Chzan_u2.jpg,Chaetodon zanzibarensis,fishbase,66.41,66.42,0.01,103209,28
Chaetodon_zanzibarensis_FishBase_Chzan_u3.jpg,Chaetodon zanzibarensis,fishbase,72.46,66.42,-6.03,123217,4907
Chaetodon_zanzibarensis_FishBase_Chzan_u4.jpg,Chaetodon zanzibarensis,fishbase,71.89,66.42,-5.46,102172,1700
Chaetodon_zanzibariensis_Bishop_-1292827274.jpg,Chaetodon zanzibariensis,bishop,41.19,41.19,0.0,235292,0
Chelmon_marginalis_FishBase_Chmar_u2.jpg,Chelmon marginalis,fishbase,55.08,55.2,0.12,105565,780
Chelmon_marginalis_FishBase_Chmar_u5.jpg,Chelmon marginalis,fishbase,49.48,55.2,5.72,105767,3262
Chelmon_marginalis_Bishop_-1899628097.jpg,Chelmon marginalis,bishop,57.39,55.2,-2.18,178350,2778
Chelmon_marginalis_Bishop_-336691052.jpg,Chelmon marginalis,bishop,48.76,55.2,6.45,189514,5040
Chelmon_marginalis_Bishop_24220165.jpg,Chelmon marginalis,bishop,54.86,55.2,0.35,188167,836
Chelmon_marginalis_FishBase_Chmar_u4.jpg,Chelmon marginalis,fishbase,59.68,55.2,-4.48,108560,3056
Chelmon_marginalis_FishBase_Chmar_un.jpg,Chelmon marginalis,fishbase,61.18,55.2,-5.97,122427,1701
Chelmon_muelleri_FishBase_Chmue_u2.jpg,Chelmon muelleri,fishbase,34.16,41.59,7.42,116187,4422
Chelmon_muelleri_FishBase_Chmue_u3.jpg,Chelmon muelleri,fishbase,35.92,41.59,5.67,90014,124
Chelmon_muelleri_Bishop_1919363298.jpg,Chelmon muelleri,bishop,33.74,41.59,7.85,206956,6670
Chelmon_muelleri_Bishop_425540539.jpg,Chelmon muelleri,bishop,42.34,41.59,-0.75,222688,2687
Chelmon_muelleri_FishBase_Chmue_u0.jpg,Chelmon muelleri,fishbase,60.72,41.59,-19.13,90691,7947
Chelmon_muelleri_FishBase_Chmue_u1.jpg,Chelmon muelleri,fishbase,42.65,41.59,-1.06,125373,1903
Chelmon_rostratus_FishPix_33375AF.jpg,Chelmon rostratus,fishpix,50.79,61.35,10.56,125185,2917
Chelmon_rostratus_Bishop_-1060273696.jpg,Chelmon rostratus,bishop,60.48,61.35,0.88,189735,3783
Chelmon_rostratus_Bishop_-1630595999.jpg,Chelmon rostratus,bishop,60.14,61.35,1.21,192675,7556
Chelmon_rostratus_FishBase_Chros_u0.jpg,Chelmon rostratus,fishbase,62.54,61.35,-1.19,106998,1340
Chelmon_rostratus_FishBase_Chros_u1.jpg,Chelmon rostratus,fishbase,55.1,61.35,6.26,87375,1572
Chelmon_rostratus_FishBase_Chros_u4.jpg,Chelmon rostratus,fishbase,61.03,61.35,0.32,106390,1995
Chelmon_rostratus_FishBase_Chros_u5.jpg,Chelmon rostratus,fishbase,60.57,61.35,0.78,108163,4447
Chelmon_rostratus_FishBase_Chros_u7.jpg,Chelmon rostratus,fishbase,73.8,61.35,-12.45,29314,340
Chelmon_rostratus_FishBase_Chros_ua.jpg,Chelmon rostratus,fishbase,66.33,61.35,-4.98,77540,324
Chelmon_rostratus_FishBase_Chros_ub.jpg,Chelmon rostratus,fishbase,62.73,61.35,-1.38,53522,797
Chelmonops_curiosus_FishBase_Chcur_u0.jpg,Chelmonops curiosus,fishbase,42.49,42.49,0.0,65395,0
Chelmonops_truncatus_FishBase_Chtru_u1.jpg,Chelmonops truncatus,fishbase,30.23,30.06,-0.17,127692,896
Chelmonops_truncatus_Bishop_-473926281.jpg,Chelmonops truncatus,bishop,29.89,30.06,0.17,226608,92
Coradion_altivelis_FishPix_15047AF.jpg,Coradion altivelis,fishpix,42.82,48.68,5.85,110298,9278
Coradion_altivelis_Bishop_-1400875907.jpg,Coradion altivelis,bishop,55.23,48.68,-6.56,187877,9161
Coradion_altivelis_Bishop_1025347564.jpg,Coradion altivelis,bishop,49.82,48.68,-1.14,174882,186
Coradion_altivelis_FishBase_Coalt_u0.jpg,Coradion altivelis,fishbase,55.59,48.68,-6.91,105888,6409
Coradion_altivelis_FishBase_Coalt_u1.jpg,Coradion altivelis,fishbase,50.14,48.68,-1.47,98529,680
Coradion_altivelis_FishBase_Coalt_u2.jpg,Coradion altivelis,fishbase,45.73,48.68,2.95,56448,716
Coradion_altivelis_FishBase_Coalt_u4.jpg,Coradion altivelis,fishbase,46.5,48.68,2.17,123521,5628
Coradion_altivelis_FishBase_Coalt_u5.jpg,Coradion altivelis,fishbase,48.35,48.68,0.32,112820,377
Coradion_altivelis_FishBase_Coalt_u6.jpg,Coradion altivelis,fishbase,43.89,48.68,4.78,102242,1560
Coradion_chrysozonus_FishPix_72095AF.jpg,Coradion chrysozonus,fishpix,59.99,52.39,-7.6,88925,42
Coradion_chrysozonus_Bishop_-1821725095.jpg,Coradion chrysozonus,bishop,57.23,52.39,-4.84,229774,4188
Coradion_chrysozonus_Bishop_1721541363.jpg,Coradion chrysozonus,bishop,40.58,52.39,11.81,176186,4912
Coradion_chrysozonus_Bishop_213329914.jpg,Coradion chrysozonus,bishop,50.84,52.39,1.56,235168,788
Coradion_chrysozonus_Bishop_28243640.jpg,Coradion chrysozonus,bishop,48.4,52.39,4.0,199452,4804
Coradion_chrysozonus_FishBase_Cochr_u0.jpg,Coradion chrysozonus,fishbase,58.0,52.39,-5.61,126032,13369
Coradion_chrysozonus_FishBase_Cochr_u1.jpg,Coradion chrysozonus,fishbase,57.47,52.39,-5.08,129539,3702
Coradion_chrysozonus_FishBase_Cochr_u2.jpg,Coradion chrysozonus,fishbase,50.45,52.39,1.95,76966,3082
Coradion_chrysozonus_FishBase_Cochr_u3.jpg,Coradion chrysozonus,fishbase,49.13,52.39,3.26,111295,3259
Coradion_chrysozonus_FishBase_Cochr_u4.jpg,Coradion chrysozonus,fishbase,41.07,52.39,11.32,99429,3262
Coradion_chrysozonus_FishBase_Cochr_u5.jpg,Coradion chrysozonus,fishbase,51.16,52.39,1.24,132198,1164
Coradion_chrysozonus_FishBase_Cochr_u6.jpg,Coradion chrysozonus,fishbase,64.4,52.39,-12.0,60675,4655
Coradion_melanopus_FishPix_10029AF.jpg,Coradion melanopus,fishpix,36.59,44.07,7.48,162416,0
Coradion_melanopus_Bishop_-1537131019.jpg,Coradion melanopus,bishop,50.98,44.07,-6.91,172573,15175
Coradion_melanopus_Bishop_1397670468.jpg,Coradion melanopus,bishop,38.81,44.07,5.26,178262,3583
Coradion_melanopus_Bishop_1537514406.jpg,Coradion melanopus,bishop,30.18,44.07,13.89,189957,6152
Coradion_melanopus_Bishop_726040623.jpg,Coradion melanopus,bishop,38.18,44.07,5.89,180013,4117
Coradion_melanopus_FishBase_Comel_j1.jpg,Coradion melanopus,fishbase,52.21,44.07,-8.14,67611,7478
Coradion_melanopus_FishBase_Comel_u0.jpg,Coradion melanopus,fishbase,51.2,44.07,-7.13,97202,9692
Coradion_melanopus_FishBase_Comel_u1.jpg,Coradion melanopus,fishbase,38.64,44.07,5.43,101126,3004
Coradion_melanopus_FishBase_Comel_u2.jpg,Coradion melanopus,fishbase,30.54,44.07,13.53,106926,4322
Coradion_melanopus_FishBase_Comel_u4.jpg,Coradion melanopus,fishbase,36.07,44.07,8.0,75078,4593
Coradion_melanopus_FishBase_Comel_uh.jpg,Coradion melanopus,fishbase,45.49,44.07,-1.43,100174,759
Coradion_melanopus_FishBase_Comel_ui.jpg,Coradion melanopus,fishbase,69.21,44.07,-25.14,76630,10713
Coradion_melanopus_FishBase_Comel_ul.jpg,Coradion melanopus,fishbase,54.81,44.07,-10.74,129992,69
Forcipiger_flavissimus_FishPix_11851AF.jpg,Forcipiger flavissimus,fishpix,70.83,68.95,-1.88,82991,823
Forcipiger_flavissimus_Bishop_-1224605166.jpg,Forcipiger flavissimus,bishop,67.56,68.95,1.39,189806,320
Forcipiger_flavissimus_Bishop_-1548318421.jpg,Forcipiger flavissimus,bishop,62.18,68.95,6.77,184598,1921
Forcipiger_flavissimus_FishBase_Fofla_u0.jpg,Forcipiger flavissimus,fishbase,71.1,68.95,-2.15,99783,1033
Forcipiger_flavissimus_FishBase_Fofla_u1.jpg,Forcipiger flavissimus,fishbase,76.71,68.95,-7.76,72753,304
Forcipiger_flavissimus_FishBase_Fofla_u3.jpg,Forcipiger flavissimus,fishbase,68.22,68.95,0.73,120578,173
Forcipiger_flavissimus_FishBase_Fofla_u4.jpg,Forcipiger flavissimus,fishbase,62.71,68.95,6.23,108683,1560
Forcipiger_flavissimus_FishBase_Fofla_u6.jpg,Forcipiger flavissimus,fishbase,73.94,68.95,-4.99,40362,853
Forcipiger_flavissimus_FishBase_Fofla_u9.jpg,Forcipiger flavissimus,fishbase,82.7,68.95,-13.75,61767,321
Forcipiger_flavissimus_FishBase_Fofla_uc.jpg,Forcipiger flavissimus,fishbase,42.09,68.95,26.86,91143,16726
Forcipiger_flavissimus_FishBase_Fofla_ud.jpg,Forcipiger flavissimus,fishbase,79.9,68.95,-10.95,66135,1881
Forcipiger_flavissimus_FishBase_Fofla_ue.jpg,Forcipiger flavissimus,fishbase,65.15,68.95,3.8,91414,66
Forcipiger_flavissimus_FishBase_Fofla_uh.jpg,Forcipiger flavissimus,fishbase,73.26,68.95,-4.31,99092,2345
Forcipiger_longirostris_FishBase_Folon_u1.jpg,Forcipiger longirostris,fishbase,68.59,47.19,-21.4,102069,11399
Forcipiger_longirostris_Bishop_2048048784.jpg,Forcipiger longirostris,bishop,30.93,47.19,16.26,177765,8673
Forcipiger_longirostris_Bishop_2122975038.jpg,Forcipiger longirostris,bishop,67.42,47.19,-20.23,178751,19885
Forcipiger_longirostris_Bishop_545316689.jpg,Forcipiger longirostris,bishop,57.81,47.19,-10.62,163015,4766
Forcipiger_longirostris_FishBase_Folon_j0.jpg,Forcipiger longirostris,fishbase,64.84,47.19,-17.65,99262,7401
Forcipiger_longirostris_FishBase_Folon_u0.jpg,Forcipiger longirostris,fishbase,30.53,47.19,16.66,99765,5253
Forcipiger_longirostris_FishBase_Folon_u2.jpg,Forcipiger longirostris,fishbase,58.18,47.19,-11.0,110446,3533
Forcipiger_longirostris_FishBase_Folon_u3.jpg,Forcipiger longirostris,fishbase,24.45,47.19,22.74,76719,19
Forcipiger_longirostris_FishBase_Folon_u5.jpg,Forcipiger longirostris,fishbase,24.57,47.19,22.62,101188,542
Forcipiger_longirostris_FishBase_Folon_u6.jpg,Forcipiger longirostris,fishbase,22.79,47.19,24.4,66098,1123
Forcipiger_longirostris_FishBase_Folon_u7.jpg,Forcipiger longirostris,fishbase,68.96,47.19,-21.77,71697,9708
Forcipiger_wanai_FishBase_Fowan_u0.jpg,Forcipiger wanai,fishbase,49.87,49.87,0.0,78751,0
Hemitaurichthys_multispinosus_FishBase_Hemul_u0.jpg,Hemitaurichthys multispinosus,fishbase,32.02,31.91,-0.11,119345,1111
Hemitaurichthys_multispinosus_Bishop_1514469863.jpg,Hemitaurichthys multispinosus,bishop,31.8,31.91,0.11,186220,913
Hemitaurichthys_polylepis_FishPix_19342AF.jpg,Hemitaurichthys polylepis,fishpix,73.9,69.34,-4.55,112099,188
Hemitaurichthys_polylepis_Bishop_224753564.jpg,Hemitaurichthys polylepis,bishop,70.59,69.34,-1.24,227970,61
Hemitaurichthys_polylepis_FishBase_Hepol_u0.jpg,Hemitaurichthys polylepis,fishbase,66.04,69.34,3.3,125088,6660
Hemitaurichthys_polylepis_FishBase_Hepol_u1.jpg,Hemitaurichthys polylepis,fishbase,66.45,69.34,2.9,79808,1967
Hemitaurichthys_polylepis_FishBase_Hepol_u2.jpg,Hemitaurichthys polylepis,fishbase,71.09,69.34,-1.75,128038,1627
Hemitaurichthys_polylepis_FishBase_Hepol_u6.jpg,Hemitaurichthys polylepis,fishbase,78.36,69.34,-9.01,78820,1331
Hemitaurichthys_polylepis_FishBase_Hepol_u7.jpg,Hemitaurichthys polylepis,fishbase,63.91,69.34,5.43,20557,5208
Hemitaurichthys_polylepis_FishBase_Hepol_uc.jpg,Hemitaurichthys polylepis,fishbase,65.46,69.34,3.88,106772,702
Hemitaurichthys_polylepis_FishBase_Hepol_ud.jpg,Hemitaurichthys polylepis,fishbase,71.44,69.34,-2.1,110528,2751
Hemitaurichthys_polylepis_FishBase_Hepol_ue.jpg,Hemitaurichthys polylepis,fishbase,66.21,69.34,3.14,110508,1780
Hemitaurichthys_thompsoni_FishPix_76147AF.jpg,Hemitaurichthys thompsoni,fishpix,28.18,42.31,14.13,121750,7
Hemitaurichthys_thompsoni_FishBase_Hetho_u0.jpg,Hemitaurichthys thompsoni,fishbase,56.44,42.31,-14.13,114248,7675
Hemitaurichthys_zoster_FishPix_12049AF.jpg,Hemitaurichthys zoster,fishpix,40.52,40.12,-0.39,71867,0
Hemitaurichthys_zoster_Bishop_1598828141.jpg,Hemitaurichthys zoster,bishop,39.23,40.12,0.9,215161,923
Hemitaurichthys_zoster_FishBase_Hezos_u0.jpg,Hemitaurichthys zoster,fishbase,39.43,40.12,0.69,126197,1349
Hemitaurichthys_zoster_FishBase_Hezos_u1.jpg,Hemitaurichthys zoster,fishbase,32.97,40.12,7.15,108019,7123
Hemitaurichthys_zoster_FishBase_Hezos_u3.jpg,Hemitaurichthys zoster,fishbase,46.66,40.12,-6.54,139431,696
Hemitaurichthys_zoster_FishBase_Hezos_u4.jpg,Hemitaurichthys zoster,fishbase,41.93,40.12,-1.81,107101,2189
Heniochus_acuminatus_FishPix_54009AF.jpg,Heniochus acuminatus,fishpix,57.62,54.69,-2.93,87363,6717
Heniochus_acuminatus_Bishop_1817843498.jpg,Heniochus acuminatus,bishop,65.7,54.69,-11.01,182860,13267
Heniochus_acuminatus_Bishop_1965411939.jpg,Heniochus acuminatus,bishop,55.93,54.69,-1.23,184003,0
Heniochus_acuminatus_Bishop_2027043176.jpg,Heniochus acuminatus,bishop,54.88,54.69,-0.19,112175,963
Heniochus_acuminatus_FishBase_Heacu_j0.jpg,Heniochus acuminatus,fishbase,49.66,54.69,5.03,29343,7189
Heniochus_acuminatus_FishBase_Heacu_j1.jpg,Heniochus acuminatus,fishbase,50.75,54.69,3.94,31971,5803
Heniochus_acuminatus_FishBase_Heacu_u1.jpg,Heniochus acuminatus,fishbase,56.12,54.69,-1.43,107873,292
Heniochus_acuminatus_FishBase_Heacu_u2.jpg,Heniochus acuminatus,fishbase,55.27,54.69,-0.58,63607,1343
Heniochus_acuminatus_FishBase_Heacu_u3.jpg,Heniochus acuminatus,fishbase,37.44,54.69,17.25,84419,11277
Heniochus_acuminatus_FishBase_Heacu_u4.jpg,Heniochus acuminatus,fishbase,65.8,54.69,-11.1,107469,9199
Heniochus_acuminatus_FishBase_Heacu_u6.jpg,Heniochus acuminatus,fishbase,56.56,54.69,-1.87,32888,425
Heniochus_acuminatus_FishBase_Heacu_ug.jpg,Heniochus acuminatus,fishbase,60.54,54.69,-5.85,91988,216
Heniochus_acuminatus_FishBase_Heacu_ui.jpg,Heniochus acuminatus,fishbase,51.27,54.69,3.43,60226,7577
Heniochus_acuminatus_FishBase_Heacu_uj.jpg,Heniochus acuminatus,fishbase,50.58,54.69,4.11,93131,3661
Heniochus_acuminatus_FishBase_Heacu_uk.jpg,Heniochus acuminatus,fishbase,53.17,54.69,1.52,79629,1092
Heniochus_acuminatus_FishBase_Hedip_u3.jpg,Heniochus acuminatus,fishbase,53.78,54.69,0.91,47811,125
Heniochus_chrysostomus_FishPix_15259AF.jpg,Heniochus chrysostomus,fishpix,47.52,49.62,2.1,105283,16268
Heniochus_chrysostomus_Bishop_1854375753.jpg,Heniochus chrysostomus,bishop,52.02,49.62,-2.4,192311,33868
Heniochus_chrysostomus_FishBase_Hechr_j0.jpg,Heniochus chrysostomus,fishbase,42.23,49.62,7.39,58669,706
Heniochus_chrysostomus_FishBase_Hechr_j1.jpg,Heniochus chrysostomus,fishbase,47.97,49.62,1.65,52029,0
Heniochus_chrysostomus_FishBase_Hechr_u0.jpg,Heniochus chrysostomus,fishbase,52.35,49.62,-2.73,108368,20012
Heniochus_chrysostomus_FishBase_Hechr_u1.jpg,Heniochus chrysostomus,fishbase,61.26,49.62,-11.64,84036,7703
Heniochus_chrysostomus_FishBase_Hechr_u2.jpg,Heniochus chrysostomus,fishbase,51.51,49.62,-1.89,60967,4
Heniochus_chrysostomus_FishBase_Hechr_u3.jpg,Heniochus chrysostomus,fishbase,58.63,49.62,-9.01,30423,2696
Heniochus_chrysostomus_FishBase_Hechr_u6.jpg,Heniochus chrysostomus,fishbase,41.96,49.62,7.66,77299,10205
Heniochus_chrysostomus_FishBase_Hechr_u7.jpg,Heniochus chrysostomus,fishbase,40.76,49.62,8.86,77160,8709
Heniochus_diphreutes_FishPix_11583AF.jpg,Heniochus diphreutes,fishpix,46.4,49.61,3.21,89352,15371
Heniochus_diphreutes_FishPix_21252AF.jpg,Heniochus diphreutes,fishpix,58.02,49.61,-8.41,95751,5313
Heniochus_diphreutes_Bishop_1453219286.jpg,Heniochus diphreutes,bishop,46.65,49.61,2.97,140155,5878
Heniochus_diphreutes_FishBase_Hedip_u0.jpg,Heniochus diphreutes,fishbase,51.92,49.61,-2.31,83411,11002
Heniochus_diphreutes_FishBase_Hedip_u1.jpg,Heniochus diphreutes,fishbase,40.5,49.61,9.11,61208,4782
Heniochus_diphreutes_FishBase_Hedip_u2.jpg,Heniochus diphreutes,fishbase,47.11,49.61,2.51,79478,4539
Heniochus_diphreutes_FishBase_Hedip_u4.jpg,Heniochus diphreutes,fishbase,50.38,49.61,-0.77,92123,71
Heniochus_diphreutes_FishBase_Hedip_u5.jpg,Heniochus diphreutes,fishbase,55.92,49.61,-6.31,69925,7659
Heniochus_intermedius_FishPix_141059AF.jpg,Heniochus intermedius,fishpix,46.03,48.96,2.93,123241,57
Heniochus_intermedius_Bishop_-20578450.jpg,Heniochus intermedius,bishop,56.16,48.96,-7.19,196160,10920
Heniochus_intermedius_FishBase_Heint_u0.jpg,Heniochus intermedius,fishbase,52.24,48.96,-3.28,108834,12403
Heniochus_intermedius_FishBase_Heint_u1.jpg,Heniochus intermedius,fishbase,56.29,48.96,-7.33,110379,7214
Heniochus_intermedius_FishBase_Heint_u2.jpg,Heniochus intermedius,fishbase,44.39,48.96,4.58,83724,0
Heniochus_intermedius_FishBase_Heint_u3.jpg,Heniochus intermedius,fishbase,41.11,48.96,7.85,116012,760
Heniochus_intermedius_FishBase_Heint_u4.jpg,Heniochus intermedius,fishbase,46.52,48.96,2.44,92873,2085
Heniochus_monoceros_FishPix_25451AF.jpg,Heniochus monoceros,fishpix,35.94,48.65,12.71,98072,5543
Heniochus_monoceros_Bishop_-980348940.jpg,Heniochus monoceros,bishop,50.44,48.65,-1.79,191866,11513
Heniochus_monoceros_Bishop_1205143013.jpg,Heniochus monoceros,bishop,40.15,48.65,8.5,162107,2810
Heniochus_monoceros_Bishop_1235534495.jpg,Heniochus monoceros,bishop,45.49,48.65,3.15,174153,3348
Heniochus_monoceros_FishBase_Hemon_u0.jpg,Heniochus monoceros,fishbase,54.25,48.65,-5.61,83242,1302
Heniochus_monoceros_FishBase_Hemon_u1.jpg,Heniochus monoceros,fishbase,48.52,48.65,0.13,98283,5
Heniochus_monoceros_FishBase_Hemon_u2.jpg,Heniochus monoceros,fishbase,45.75,48.65,2.9,97952,3450
Heniochus_monoceros_FishBase_Hemon_u3.jpg,Heniochus monoceros,fishbase,50.77,48.65,-2.12,107610,7781
Heniochus_monoceros_FishBase_Hemon_u4.jpg,Heniochus monoceros,fishbase,40.4,48.65,8.25,91130,2623
Heniochus_monoceros_FishBase_Hemon_u5.jpg,Heniochus monoceros,fishbase,55.83,48.65,-7.18,72663,719
Heniochus_monoceros_FishBase_Hemon_u6.jpg,Heniochus monoceros,fishbase,67.57,48.65,-18.92,21607,78
Heniochus_pleurotaenia_FishBase_Heple_u2.jpg,Heniochus pleurotaenia,fishbase,42.22,33.18,-9.04,150177,26914
Heniochus_pleurotaenia_Bishop_-1006778558.jpg,Heniochus pleurotaenia,bishop,28.15,33.18,5.03,197414,3406
Heniochus_pleurotaenia_FishBase_Heple_u0.jpg,Heniochus pleurotaenia,fishbase,28.45,33.18,4.72,110926,2946
Heniochus_pleurotaenia_FishBase_Heple_u1.jpg,Heniochus pleurotaenia,fishbase,33.88,33.18,-0.71,70077,673
Heniochus_singularius_FishBase_Hesin_u1.jpg,Heniochus singularius,fishbase,33.89,45.26,11.37,82244,5446
Heniochus_singularius_Bishop_1959970624.jpg,Heniochus singularius,bishop,33.55,45.26,11.71,145763,7259
Heniochus_singularius_Bishop_2065781403.jpg,Heniochus singularius,bishop,50.73,45.26,-5.47,189352,14783
Heniochus_singularius_FishBase_Hesin_u0.jpg,Heniochus singularius,fishbase,43.25,45.26,2.01,119713,6031
Heniochus_singularius_FishBase_Hesin_u2.jpg,Heniochus singularius,fishbase,53.95,45.26,-8.69,33908,21
Heniochus_singularius_FishBase_Hesin_u3.jpg,Heniochus singularius,fishbase,50.97,45.26,-5.71,106538,9714
Heniochus_singularius_FishBase_Hesin_u4.jpg,Heniochus singularius,fishbase,52.05,45.26,-6.79,118098,3067
Heniochus_singularius_FishBase_Hesin_u5.jpg,Heniochus singularius,fishbase,46.73,45.26,-1.47,76062,349
Heniochus_singularius_FishBase_Hesin_u6.jpg,Heniochus singularius,fishbase,42.22,45.26,3.04,123594,31
Heniochus_varius_FishPix_15993AF.jpg,Heniochus varius,fishpix,45.08,41.32,-3.75,59927,453
Heniochus_varius_Bishop_2014348865.jpg,Heniochus varius,bishop,33.91,41.32,7.42,195351,8477
Heniochus_varius_FishBase_Hevar_u0.jpg,Heniochus varius,fishbase,49.84,41.32,-8.51,74468,10067
Heniochus_varius_FishBase_Hevar_u1.jpg,Heniochus varius,fishbase,36.07,41.32,5.25,65154,5278
Heniochus_varius_FishBase_Hevar_u2.jpg,Heniochus varius,fishbase,43.52,41.32,-2.2,124888,3712
Heniochus_varius_FishBase_Hevar_u3.jpg,Heniochus varius,fishbase,39.02,41.32,2.3,52056,5632
Heniochus_varius_FishBase_Hevar_u4.jpg,Heniochus varius,fishbase,53.07,41.32,-11.75,80212,12803
Heniochus_varius_FishBase_Hevar_u6.jpg,Heniochus varius,fishbase,41.19,41.32,0.13,110948,0
Heniochus_varius_FishBase_Hevar_u7.jpg,Heniochus varius,fishbase,26.03,41.32,15.3,99982,5181
Heniochus_varius_FishBase_Hevar_u8.jpg,Heniochus varius,fishbase,45.52,41.32,-4.19,93076,6757
Johnrandallia_nigrirostris_FishBase_Jonig_u1.jpg,Johnrandallia nigrirostris,fishbase,55.31,56.78,1.47,123699,392
Johnrandallia_nigrirostris_FishBase_Jonig_u0.jpg,Johnrandallia nigrirostris,fishbase,59.97,56.78,-3.19,62726,338
Johnrandallia_nigrirostris_FishBase_Jonig_u2.jpg,Johnrandallia nigrirostris,fishbase,55.23,56.78,1.54,105188,557
Johnrandallia_nigrirostris_FishBase_Jonig_u3.jpg,Johnrandallia nigrirostris,fishbase,56.6,56.78,0.18,34707,33
Parachaetodon_ocellatus_FishBase_Paoce_u0.jpg,Parachaetodon ocellatus,fishbase,63.62,62.61,-1.01,129882,2633
Parachaetodon_ocellatus_Bishop_-154342580.jpg,Parachaetodon ocellatus,bishop,63.94,62.61,-1.32,161774,2566
Parachaetodon_ocellatus_Bishop_-506807721.jpg,Parachaetodon ocellatus,bishop,59.91,62.61,2.71,174634,3761
Parachaetodon_ocellatus_Bishop_-731143075.jpg,Parachaetodon ocellatus,bishop,60.86,62.61,1.75,174189,5229
Parachaetodon_ocellatus_FishBase_Paoce_j0.jpg,Parachaetodon ocellatus,fishbase,60.53,62.61,2.08,99414,5489
Parachaetodon_ocellatus_FishBase_Paoce_u2.jpg,Parachaetodon ocellatus,fishbase,64.66,62.61,-2.05,90523,1892
Parachaetodon_ocellatus_FishBase_Paoce_u3.jpg,Parachaetodon ocellatus,fishbase,60.45,62.61,2.16,98207,2533
Parachaetodon_ocellatus_FishBase_Paoce_u4.jpg,Parachaetodon ocellatus,fishbase,66.93,62.61,-4.32,79462,1188
Prognathodes_aculeatus_FishBase_Pracu_u0.jpg,Prognathodes aculeatus,fishbase,57.0,54.4,-2.6,94646,1296
Prognathodes_aculeatus_FishBase_Chacu_u1.jpg,Prognathodes aculeatus,fishbase,57.77,54.4,-3.37,57519,581
Prognathodes_aculeatus_FishBase_Pracu_u1.jpg,Prognathodes aculeatus,fishbase,49.47,54.4,4.93,66105,108
Prognathodes_aculeatus_FishBase_Pracu_u2.jpg,Prognathodes aculeatus,fishbase,55.85,54.4,-1.46,98270,5061
Prognathodes_aculeatus_FishBase_Pracu_u3.jpg,Prognathodes aculeatus,fishbase,51.9,54.4,2.5,88306,1505
Prognathodes_aya_FishBase_Praya_u0.jpg,Prognathodes aya,fishbase,56.68,56.92,0.24,80765,20
Prognathodes_aya_FishBase_Chaya_u0.jpg,Prognathodes aya,fishbase,65.71,56.92,-8.78,62420,1922
Prognathodes_aya_FishBase_Praya_u1.jpg,Prognathodes aya,fishbase,48.39,56.92,8.54,93090,322
Prognathodes_brasiliensis_FishBase_Prbra_u0.jpg,Prognathodes brasiliensis,fishbase,52.69,57.42,4.73,107918,5268
Prognathodes_brasiliensis_FishBase_Prbra_u1.jpg,Prognathodes brasiliensis,fishbase,53.13,57.42,4.3,76168,0
Prognathodes_brasiliensis_FishBase_Prbra_u2.jpg,Prognathodes brasiliensis,fishbase,66.45,57.42,-9.03,47728,258
Prognathodes_carlhubbsi_FishBase_Prcar_u2.jpg,Prognathodes carlhubbsi,fishbase,41.03,41.03,0.0,108411,0
Prognathodes_dichrous_FishPix_89092AF.jpg,Prognathodes dichrous,fishpix,57.13,58.13,1.0,131641,17965
Prognathodes_dichrous_FishBase_Prdic_u0.jpg,Prognathodes dichrous,fishbase,56.66,58.13,1.47,116015,14233
Prognathodes_dichrous_FishBase_Prdic_u1.jpg,Prognathodes dichrous,fishbase,60.6,58.13,-2.47,52191,294
Prognathodes_falcifer_FishBase_Chfal_u2.jpg,Prognathodes falcifer,fishbase,60.34,60.34,0.0,51886,0
Prognathodes_guyanensis_FishPix_89093AF.jpg,Prognathodes guyanensis,fishpix,63.89,60.32,-3.57,137011,22392
Prognathodes_guyanensis_FishBase_Chguy_u0.jpg,Prognathodes guyanensis,fishbase,65.08,60.32,-4.76,97657,102
Prognathodes_guyanensis_FishBase_Prguy_u0.jpg,Prognathodes guyanensis,fishbase,59.43,60.32,0.89,128408,4772
Prognathodes_guyanensis_FishBase_Prguy_u1.jpg,Prognathodes guyanensis,fishbase,63.3,60.32,-2.98,118954,10
Prognathodes_guyanensis_FishBase_Prguy_u2.jpg,Prognathodes guyanensis,fishbase,49.89,60.32,10.42,96097,10235
Prognathodes_marcellae_FishBase_Prmar_u0.jpg,Prognathodes marcellae,fishbase,55.74,55.74,0.0,30004,0
Prognathodes_obliquus_FishBase_Chobl_u1.jpg,Prognathodes obliquus,fishbase,54.0,54.0,0.0,131657,0
Roa_australis_FishBase_Roaus_u0.jpg,Roa australis,fishbase,75.59,75.59,0.0,95474,0
Roa_excelsa_FishBase_Chexc_u0.jpg,Roa excelsa,fishbase,47.47,47.47,0.0,91681,0
Roa_jayakari_FishBase_Chjay_u1.jpg,Roa jayakari,fishbase,35.54,41.94,6.4,54027,3139
Roa_jayakari_FishBase_Chjay_u0.jpg,Roa jayakari,fishbase,50.78,41.94,-8.85,116219,3686
Roa_jayakari_FishBase_Chjay_u2.jpg,Roa jayakari,fishbase,43.11,41.94,-1.18,124514,4
Roa_jayakari_FishBase_Chjay_u3.jpg,Roa jayakari,fishbase,44.64,41.94,-2.7,108448,8
Roa_jayakari_FishBase_Rojay_u0.jpg,Roa jayakari,fishbase,35.61,41.94,6.33,156514,1123
Roa_modesta_FishBase_Chmod_u1.jpg,Roa modesta,fishbase,49.26,58.67,9.41,95980,6352
Roa_modesta_FishBase_Chmod_u0.jpg,Roa modesta,fishbase,51.16,58.67,7.51,41271,4283
Roa_modesta_FishBase_Chmod_u2.jpg,Roa modesta,fishbase,43.58,58.67,15.09,81512,4460
Roa_modesta_FishBase_Chmod_u3.jpg,Roa modesta,fishbase,81.01,58.67,-22.34,98458,166
Roa_modesta_FishBase_Romod_u0.jpg,Roa modesta,fishbase,68.33,58.67,-9.66,85967,261
Roa_modesta_FishBase_Romod_u1.jpg,Roa modesta,fishbase,56.12,58.67,2.55,38868,715
Roa_modesta_FishBase_Romod_u2.jpg,Roa modesta,fishbase,61.22,58.67,-2.55,73179,446
